index,class,signer,source_file,n_frames_raw,standardize
0,building_on_fire,signer01,D:\College notes\SEM-6\Minor Project\NSL\Data Collection\data\raw\building_on_fire\building_on_fire__signer01__001.npy,82,padded
1,building_on_fire,signer01,D:\College notes\SEM-6\Minor Project\NSL\Data Collection\data\raw\building_on_fire\building_on_fire__signer01__002.npy,206,subsampled
2,building_on_fire,signer01,D:\College notes\SEM-6\Minor Project\NSL\Data Collection\data\raw\building_on_fire\building_on_fire__signer01__003.npy,192,subsampled
3,building_on_fire,signer01,D:\College notes\SEM-6\Minor Project\NSL\Data Collection\data\raw\building_on_fire\building_on_fire__signer01__004.npy,214,subsampled
4,building_on_fire,signer01,D:\College notes\SEM-6\Minor Project\NSL\Data Collection\data\raw\building_on_fire\building_on_fire__signer01__005.npy,168,subsampled
5,building_on_fire,signer01,D:\College notes\SEM-6\Minor Project\NSL\Data Collection\data\raw\building_on_fire\building_on_fire__signer01__006.npy,217,subsampled
6,building_on_fire,signer01,D:\College notes\SEM-6\Minor Project\NSL\Data Collection\data\raw\building_on_fire\building_on_fire__signer01__007.npy,174,subsampled
7,building_on_fire,signer01,D:\College notes\SEM-6\Minor Project\NSL\Data Collection\data\raw\building_on_fire\building_on_fire__signer01__008.npy,173,subsampled
8,building_on_fire,signer01,D:\College notes\SEM-6\Minor Project\NSL\Data Collection\data\raw\building_on_fire\building_on_fire__signer01__009.npy,204,subsampled
9,building_on_fire,signer01,D:\College notes\SEM-6\Minor Project\NSL\Data Collection\data\raw\building_on_fire\building_on_fire__signer01__010.npy,217,subsampled
10,building_on_fire,signer01,D:\College notes\SEM-6\Minor Project\NSL\Data Collection\data\raw\building_on_fire\building_on_fire__signer01__011.npy,215,subsampled
11,building_on_fire,signer01,D:\College notes\SEM-6\Minor Project\NSL\Data Collection\data\raw\building_on_fire\building_on_fire__signer01__012.npy,148,subsampled
12,building_on_fire,signer01,D:\College notes\SEM-6\Minor Project\NSL\Data Collection\data\raw\building_on_fire\building_on_fire__signer01__013.npy,196,subsampled
13,building_on_fire,signer01,D:\College notes\SEM-6\Minor Project\NSL\Data Collection\data\raw\building_on_fire\building_on_fire__signer01__014.npy,51,padded
14,building_on_fire,signer01,D:\College notes\SEM-6\Minor Project\NSL\Data Collection\data\raw\building_on_fire\building_on_fire__signer01__015.npy,189,subsampled
15,building_on_fire,signer01,D:\College notes\SEM-6\Minor Project\NSL\Data Collection\data\raw\building_on_fire\building_on_fire__signer01__016.npy,195,subsampled
16,building_on_fire,signer01,D:\College notes\SEM-6\Minor Project\NSL\Data Collection\data\raw\building_on_fire\building_on_fire__signer01__017.npy,192,subsampled
17,building_on_fire,signer01,D:\College notes\SEM-6\Minor Project\NSL\Data Collection\data\raw\building_on_fire\building_on_fire__signer01__018.npy,181,subsampled
18,building_on_fire,signer01,D:\College notes\SEM-6\Minor Project\NSL\Data Collection\data\raw\building_on_fire\building_on_fire__signer01__019.npy,188,subsampled
19,building_on_fire,signer01,D:\College notes\SEM-6\Minor Project\NSL\Data Collection\data\raw\building_on_fire\building_on_fire__signer01__020.npy,164,subsampled
20,building_on_fire,signer02,D:\College notes\SEM-6\Minor Project\NSL\Data Collection\data\raw\building_on_fire\building_on_fire__signer02__001.npy,106,padded
21,building_on_fire,signer02,D:\College notes\SEM-6\Minor Project\NSL\Data Collection\data\raw\building_on_fire\building_on_fire__signer02__002.npy,106,padded
22,building_on_fire,signer02,D:\College notes\SEM-6\Minor Project\NSL\Data Collection\data\raw\building_on_fire\building_on_fire__signer02__003.npy,108,padded
23,building_on_fire,signer02,D:\College notes\SEM-6\Minor Project\NSL\Data Collection\data\raw\building_on_fire\building_on_fire__signer02__004.npy,113,padded
24,building_on_fire,signer02,D:\College notes\SEM-6\Minor Project\NSL\Data Collection\data\raw\building_on_fire\building_on_fire__signer02__005.npy,106,padded
25,building_on_fire,signer02,D:\College notes\SEM-6\Minor Project\NSL\Data Collection\data\raw\building_on_fire\building_on_fire__signer02__006.npy,120,padded
26,building_on_fire,signer02,D:\College notes\SEM-6\Minor Project\NSL\Data Collection\data\raw\building_on_fire\building_on_fire__signer02__007.npy,109,padded
27,building_on_fire,signer02,D:\College notes\SEM-6\Minor Project\NSL\Data Collection\data\raw\building_on_fire\building_on_fire__signer02__008.npy,109,padded
28,building_on_fire,signer02,D:\College notes\SEM-6\Minor Project\NSL\Data Collection\data\raw\building_on_fire\building_on_fire__signer02__009.npy,112,padded
29,building_on_fire,signer02,D:\College notes\SEM-6\Minor Project\NSL\Data Collection\data\raw\building_on_fire\building_on_fire__signer02__010.npy,120,padded
30,building_on_fire,signer02,D:\College notes\SEM-6\Minor Project\NSL\Data Collection\data\raw\building_on_fire\building_on_fire__signer02__011.npy,104,padded
31,building_on_fire,signer02,D:\College notes\SEM-6\Minor Project\NSL\Data Collection\data\raw\building_on_fire\building_on_fire__signer02__012.npy,108,padded
32,building_on_fire,signer02,D:\College notes\SEM-6\Minor Project\NSL\Data Collection\data\raw\building_on_fire\building_on_fire__signer02__013.npy,128,padded
33,building_on_fire,signer02,D:\College notes\SEM-6\Minor Project\NSL\Data Collection\data\raw\building_on_fire\building_on_fire__signer02__014.npy,113,padded
34,building_on_fire,signer02,D:\College notes\SEM-6\Minor Project\NSL\Data Collection\data\raw\building_on_fire\building_on_fire__signer02__015.npy,121,padded
35,building_on_fire,signer02,D:\College notes\SEM-6\Minor Project\NSL\Data Collection\data\raw\building_on_fire\building_on_fire__signer02__016.npy,103,padded
36,building_on_fire,signer02,D:\College notes\SEM-6\Minor Project\NSL\Data Collection\data\raw\building_on_fire\building_on_fire__signer02__017.npy,103,padded
37,building_on_fire,signer02,D:\College notes\SEM-6\Minor Project\NSL\Data Collection\data\raw\building_on_fire\building_on_fire__signer02__018.npy,102,padded
38,building_on_fire,signer02,D:\College notes\SEM-6\Minor Project\NSL\Data Collection\data\raw\building_on_fire\building_on_fire__signer02__019.npy,90,padded
39,building_on_fire,signer02,D:\College notes\SEM-6\Minor Project\NSL\Data Collection\data\raw\building_on_fire\building_on_fire__signer02__020.npy,99,padded
40,building_on_fire,signer03,D:\College notes\SEM-6\Minor Project\NSL\Data Collection\data\raw\building_on_fire\building_on_fire__signer03__001.npy,130,padded
41,building_on_fire,signer03,D:\College notes\SEM-6\Minor Project\NSL\Data Collection\data\raw\building_on_fire\building_on_fire__signer03__002.npy,105,padded
42,building_on_fire,signer03,D:\College notes\SEM-6\Minor Project\NSL\Data Collection\data\raw\building_on_fire\building_on_fire__signer03__003.npy,106,padded
43,building_on_fire,signer03,D:\College notes\SEM-6\Minor Project\NSL\Data Collection\data\raw\building_on_fire\building_on_fire__signer03__004.npy,116,padded
44,building_on_fire,signer03,D:\College notes\SEM-6\Minor Project\NSL\Data Collection\data\raw\building_on_fire\building_on_fire__signer03__005.npy,121,padded
45,building_on_fire,signer03,D:\College notes\SEM-6\Minor Project\NSL\Data Collection\data\raw\building_on_fire\building_on_fire__signer03__006.npy,115,padded
46,building_on_fire,signer03,D:\College notes\SEM-6\Minor Project\NSL\Data Collection\data\raw\building_on_fire\building_on_fire__signer03__007.npy,111,padded
47,building_on_fire,signer03,D:\College notes\SEM-6\Minor Project\NSL\Data Collection\data\raw\building_on_fire\building_on_fire__signer03__008.npy,124,padded
48,building_on_fire,signer03,D:\College notes\SEM-6\Minor Project\NSL\Data Collection\data\raw\building_on_fire\building_on_fire__signer03__009.npy,127,padded
49,building_on_fire,signer03,D:\College notes\SEM-6\Minor Project\NSL\Data Collection\data\raw\building_on_fire\building_on_fire__signer03__010.npy,134,padded
50,building_on_fire,signer03,D:\College notes\SEM-6\Minor Project\NSL\Data Collection\data\raw\building_on_fire\building_on_fire__signer03__011.npy,114,padded
51,building_on_fire,signer03,D:\College notes\SEM-6\Minor Project\NSL\Data Collection\data\raw\building_on_fire\building_on_fire__signer03__012.npy,131,padded
52,building_on_fire,signer03,D:\College notes\SEM-6\Minor Project\NSL\Data Collection\data\raw\building_on_fire\building_on_fire__signer03__013.npy,103,padded
53,building_on_fire,signer03,D:\College notes\SEM-6\Minor Project\NSL\Data Collection\data\raw\building_on_fire\building_on_fire__signer03__014.npy,126,padded
54,building_on_fire,signer03,D:\College notes\SEM-6\Minor Project\NSL\Data Collection\data\raw\building_on_fire\building_on_fire__signer03__015.npy,126,padded
55,building_on_fire,signer03,D:\College notes\SEM-6\Minor Project\NSL\Data Collection\data\raw\building_on_fire\building_on_fire__signer03__016.npy,110,padded
56,building_on_fire,signer03,D:\College notes\SEM-6\Minor Project\NSL\Data Collection\data\raw\building_on_fire\building_on_fire__signer03__017.npy,110,padded
57,building_on_fire,signer03,D:\College notes\SEM-6\Minor Project\NSL\Data Collection\data\raw\building_on_fire\building_on_fire__signer03__018.npy,98,padded
58,building_on_fire,signer03,D:\College notes\SEM-6\Minor Project\NSL\Data Collection\data\raw\building_on_fire\building_on_fire__signer03__019.npy,105,padded
59,building_on_fire,signer03,D:\College notes\SEM-6\Minor Project\NSL\Data Collection\data\raw\building_on_fire\building_on_fire__signer03__020.npy,106,padded
60,building_on_fire,signer04,D:\College notes\SEM-6\Minor Project\NSL\Data Collection\data\raw\building_on_fire\building_on_fire__signer04__001.npy,92,padded
61,building_on_fire,signer04,D:\College notes\SEM-6\Minor Project\NSL\Data Collection\data\raw\building_on_fire\building_on_fire__signer04__002.npy,88,padded
62,building_on_fire,signer04,D:\College notes\SEM-6\Minor Project\NSL\Data Collection\data\raw\building_on_fire\building_on_fire__signer04__003.npy,85,padded
63,building_on_fire,signer04,D:\College notes\SEM-6\Minor Project\NSL\Data Collection\data\raw\building_on_fire\building_on_fire__signer04__004.npy,102,padded
64,building_on_fire,signer04,D:\College notes\SEM-6\Minor Project\NSL\Data Collection\data\raw\building_on_fire\building_on_fire__signer04__005.npy,92,padded
65,building_on_fire,signer04,D:\College notes\SEM-6\Minor Project\NSL\Data Collection\data\raw\building_on_fire\building_on_fire__signer04__006.npy,97,padded
66,building_on_fire,signer04,D:\College notes\SEM-6\Minor Project\NSL\Data Collection\data\raw\building_on_fire\building_on_fire__signer04__007.npy,96,padded
67,building_on_fire,signer04,D:\College notes\SEM-6\Minor Project\NSL\Data Collection\data\raw\building_on_fire\building_on_fire__signer04__008.npy,95,padded
68,building_on_fire,signer04,D:\College notes\SEM-6\Minor Project\NSL\Data Collection\data\raw\building_on_fire\building_on_fire__signer04__009.npy,95,padded
69,building_on_fire,signer04,D:\College notes\SEM-6\Minor Project\NSL\Data Collection\data\raw\building_on_fire\building_on_fire__signer04__010.npy,86,padded
70,building_on_fire,signer04,D:\College notes\SEM-6\Minor Project\NSL\Data Collection\data\raw\building_on_fire\building_on_fire__signer04__011.npy,95,padded
71,building_on_fire,signer04,D:\College notes\SEM-6\Minor Project\NSL\Data Collection\data\raw\building_on_fire\building_on_fire__signer04__012.npy,91,padded
72,building_on_fire,signer04,D:\College notes\SEM-6\Minor Project\NSL\Data Collection\data\raw\building_on_fire\building_on_fire__signer04__013.npy,98,padded
73,building_on_fire,signer04,D:\College notes\SEM-6\Minor Project\NSL\Data Collection\data\raw\building_on_fire\building_on_fire__signer04__014.npy,92,padded
74,building_on_fire,signer04,D:\College notes\SEM-6\Minor Project\NSL\Data Collection\data\raw\building_on_fire\building_on_fire__signer04__015.npy,93,padded
75,building_on_fire,signer04,D:\College notes\SEM-6\Minor Project\NSL\Data Collection\data\raw\building_on_fire\building_on_fire__signer04__016.npy,103,padded
76,building_on_fire,signer04,D:\College notes\SEM-6\Minor Project\NSL\Data Collection\data\raw\building_on_fire\building_on_fire__signer04__017.npy,92,padded
77,building_on_fire,signer04,D:\College notes\SEM-6\Minor Project\NSL\Data Collection\data\raw\building_on_fire\building_on_fire__signer04__018.npy,93,padded
78,building_on_fire,signer04,D:\College notes\SEM-6\Minor Project\NSL\Data Collection\data\raw\building_on_fire\building_on_fire__signer04__019.npy,89,padded
79,building_on_fire,signer04,D:\College notes\SEM-6\Minor Project\NSL\Data Collection\data\raw\building_on_fire\building_on_fire__signer04__020.npy,88,padded
80,building_on_fire,signer05,D:\College notes\SEM-6\Minor Project\NSL\Data Collection\data\raw\building_on_fire\building_on_fire__signer05__001.npy,112,padded
81,building_on_fire,signer05,D:\College notes\SEM-6\Minor Project\NSL\Data Collection\data\raw\building_on_fire\building_on_fire__signer05__002.npy,124,padded
82,building_on_fire,signer05,D:\College notes\SEM-6\Minor Project\NSL\Data Collection\data\raw\building_on_fire\building_on_fire__signer05__003.npy,118,padded
83,building_on_fire,signer05,D:\College notes\SEM-6\Minor Project\NSL\Data Collection\data\raw\building_on_fire\building_on_fire__signer05__004.npy,186,subsampled
84,building_on_fire,signer05,D:\College notes\SEM-6\Minor Project\NSL\Data Collection\data\raw\building_on_fire\building_on_fire__signer05__005.npy,113,padded
85,building_on_fire,signer05,D:\College notes\SEM-6\Minor Project\NSL\Data Collection\data\raw\building_on_fire\building_on_fire__signer05__006.npy,113,padded
86,building_on_fire,signer05,D:\College notes\SEM-6\Minor Project\NSL\Data Collection\data\raw\building_on_fire\building_on_fire__signer05__007.npy,106,padded
87,building_on_fire,signer05,D:\College notes\SEM-6\Minor Project\NSL\Data Collection\data\raw\building_on_fire\building_on_fire__signer05__008.npy,110,padded
88,building_on_fire,signer05,D:\College notes\SEM-6\Minor Project\NSL\Data Collection\data\raw\building_on_fire\building_on_fire__signer05__009.npy,123,padded
89,building_on_fire,signer05,D:\College notes\SEM-6\Minor Project\NSL\Data Collection\data\raw\building_on_fire\building_on_fire__signer05__010.npy,111,padded
90,building_on_fire,signer06,D:\College notes\SEM-6\Minor Project\NSL\Data Collection\data\raw\building_on_fire\building_on_fire__signer06__001.npy,115,padded
91,building_on_fire,signer06,D:\College notes\SEM-6\Minor Project\NSL\Data Collection\data\raw\building_on_fire\building_on_fire__signer06__002.npy,118,padded
92,building_on_fire,signer06,D:\College notes\SEM-6\Minor Project\NSL\Data Collection\data\raw\building_on_fire\building_on_fire__signer06__003.npy,121,padded
93,building_on_fire,signer06,D:\College notes\SEM-6\Minor Project\NSL\Data Collection\data\raw\building_on_fire\building_on_fire__signer06__004.npy,124,padded
94,building_on_fire,signer06,D:\College notes\SEM-6\Minor Project\NSL\Data Collection\data\raw\building_on_fire\building_on_fire__signer06__005.npy,161,subsampled
95,building_on_fire,signer06,D:\College notes\SEM-6\Minor Project\NSL\Data Collection\data\raw\building_on_fire\building_on_fire__signer06__006.npy,133,padded
96,building_on_fire,signer06,D:\College notes\SEM-6\Minor Project\NSL\Data Collection\data\raw\building_on_fire\building_on_fire__signer06__007.npy,135,padded
97,building_on_fire,signer06,D:\College notes\SEM-6\Minor Project\NSL\Data Collection\data\raw\building_on_fire\building_on_fire__signer06__008.npy,128,padded
98,building_on_fire,signer06,D:\College notes\SEM-6\Minor Project\NSL\Data Collection\data\raw\building_on_fire\building_on_fire__signer06__009.npy,134,padded
99,building_on_fire,signer06,D:\College notes\SEM-6\Minor Project\NSL\Data Collection\data\raw\building_on_fire\building_on_fire__signer06__010.npy,125,padded
100,building_on_fire,signer07,D:\College notes\SEM-6\Minor Project\NSL\Data Collection\data\raw\building_on_fire\building_on_fire__signer07__001.npy,129,padded
101,building_on_fire,signer07,D:\College notes\SEM-6\Minor Project\NSL\Data Collection\data\raw\building_on_fire\building_on_fire__signer07__002.npy,123,padded
102,building_on_fire,signer07,D:\College notes\SEM-6\Minor Project\NSL\Data Collection\data\raw\building_on_fire\building_on_fire__signer07__003.npy,108,padded
103,building_on_fire,signer07,D:\College notes\SEM-6\Minor Project\NSL\Data Collection\data\raw\building_on_fire\building_on_fire__signer07__004.npy,97,padded
104,building_on_fire,signer07,D:\College notes\SEM-6\Minor Project\NSL\Data Collection\data\raw\building_on_fire\building_on_fire__signer07__005.npy,107,padded
105,building_on_fire,signer07,D:\College notes\SEM-6\Minor Project\NSL\Data Collection\data\raw\building_on_fire\building_on_fire__signer07__006.npy,103,padded
106,building_on_fire,signer07,D:\College notes\SEM-6\Minor Project\NSL\Data Collection\data\raw\building_on_fire\building_on_fire__signer07__007.npy,87,padded
107,building_on_fire,signer07,D:\College notes\SEM-6\Minor Project\NSL\Data Collection\data\raw\building_on_fire\building_on_fire__signer07__008.npy,89,padded
108,building_on_fire,signer07,D:\College notes\SEM-6\Minor Project\NSL\Data Collection\data\raw\building_on_fire\building_on_fire__signer07__009.npy,92,padded
109,building_on_fire,signer07,D:\College notes\SEM-6\Minor Project\NSL\Data Collection\data\raw\building_on_fire\building_on_fire__signer07__010.npy,92,padded
110,building_on_fire,signer08,D:\College notes\SEM-6\Minor Project\NSL\Data Collection\data\raw\building_on_fire\building_on_fire__signer08__001.npy,111,padded
111,building_on_fire,signer08,D:\College notes\SEM-6\Minor Project\NSL\Data Collection\data\raw\building_on_fire\building_on_fire__signer08__002.npy,90,padded
112,building_on_fire,signer08,D:\College notes\SEM-6\Minor Project\NSL\Data Collection\data\raw\building_on_fire\building_on_fire__signer08__003.npy,104,padded
113,building_on_fire,signer08,D:\College notes\SEM-6\Minor Project\NSL\Data Collection\data\raw\building_on_fire\building_on_fire__signer08__004.npy,88,padded
114,building_on_fire,signer08,D:\College notes\SEM-6\Minor Project\NSL\Data Collection\data\raw\building_on_fire\building_on_fire__signer08__005.npy,104,padded
115,building_on_fire,signer08,D:\College notes\SEM-6\Minor Project\NSL\Data Collection\data\raw\building_on_fire\building_on_fire__signer08__006.npy,97,padded
116,building_on_fire,signer08,D:\College notes\SEM-6\Minor Project\NSL\Data Collection\data\raw\building_on_fire\building_on_fire__signer08__007.npy,99,padded
117,building_on_fire,signer08,D:\College notes\SEM-6\Minor Project\NSL\Data Collection\data\raw\building_on_fire\building_on_fire__signer08__008.npy,86,padded
118,building_on_fire,signer08,D:\College notes\SEM-6\Minor Project\NSL\Data Collection\data\raw\building_on_fire\building_on_fire__signer08__009.npy,92,padded
119,building_on_fire,signer08,D:\College notes\SEM-6\Minor Project\NSL\Data Collection\data\raw\building_on_fire\building_on_fire__signer08__010.npy,106,padded
120,call_police,signer01,D:\College notes\SEM-6\Minor Project\NSL\Data Collection\data\raw\call_police\call_police__signer01__001.npy,42,padded
121,call_police,signer01,D:\College notes\SEM-6\Minor Project\NSL\Data Collection\data\raw\call_police\call_police__signer01__002.npy,39,padded
122,call_police,signer01,D:\College notes\SEM-6\Minor Project\NSL\Data Collection\data\raw\call_police\call_police__signer01__003.npy,34,padded
123,call_police,signer01,D:\College notes\SEM-6\Minor Project\NSL\Data Collection\data\raw\call_police\call_police__signer01__004.npy,35,padded
124,call_police,signer01,D:\College notes\SEM-6\Minor Project\NSL\Data Collection\data\raw\call_police\call_police__signer01__005.npy,46,padded
125,call_police,signer01,D:\College notes\SEM-6\Minor Project\NSL\Data Collection\data\raw\call_police\call_police__signer01__006.npy,42,padded
126,call_police,signer01,D:\College notes\SEM-6\Minor Project\NSL\Data Collection\data\raw\call_police\call_police__signer01__007.npy,44,padded
127,call_police,signer01,D:\College notes\SEM-6\Minor Project\NSL\Data Collection\data\raw\call_police\call_police__signer01__008.npy,43,padded
128,call_police,signer01,D:\College notes\SEM-6\Minor Project\NSL\Data Collection\data\raw\call_police\call_police__signer01__009.npy,41,padded
129,call_police,signer01,D:\College notes\SEM-6\Minor Project\NSL\Data Collection\data\raw\call_police\call_police__signer01__010.npy,41,padded
130,call_police,signer01,D:\College notes\SEM-6\Minor Project\NSL\Data Collection\data\raw\call_police\call_police__signer01__011.npy,45,padded
131,call_police,signer01,D:\College notes\SEM-6\Minor Project\NSL\Data Collection\data\raw\call_police\call_police__signer01__012.npy,33,padded
132,call_police,signer01,D:\College notes\SEM-6\Minor Project\NSL\Data Collection\data\raw\call_police\call_police__signer01__013.npy,44,padded
133,call_police,signer01,D:\College notes\SEM-6\Minor Project\NSL\Data Collection\data\raw\call_police\call_police__signer01__014.npy,43,padded
134,call_police,signer01,D:\College notes\SEM-6\Minor Project\NSL\Data Collection\data\raw\call_police\call_police__signer01__015.npy,37,padded
135,call_police,signer01,D:\College notes\SEM-6\Minor Project\NSL\Data Collection\data\raw\call_police\call_police__signer01__016.npy,48,padded
136,call_police,signer01,D:\College notes\SEM-6\Minor Project\NSL\Data Collection\data\raw\call_police\call_police__signer01__017.npy,48,padded
137,call_police,signer01,D:\College notes\SEM-6\Minor Project\NSL\Data Collection\data\raw\call_police\call_police__signer01__018.npy,51,padded
138,call_police,signer01,D:\College notes\SEM-6\Minor Project\NSL\Data Collection\data\raw\call_police\call_police__signer01__019.npy,50,padded
139,call_police,signer01,D:\College notes\SEM-6\Minor Project\NSL\Data Collection\data\raw\call_police\call_police__signer01__020.npy,52,padded
140,call_police,signer02,D:\College notes\SEM-6\Minor Project\NSL\Data Collection\data\raw\call_police\call_police__signer02__001.npy,61,padded
141,call_police,signer02,D:\College notes\SEM-6\Minor Project\NSL\Data Collection\data\raw\call_police\call_police__signer02__002.npy,57,padded
142,call_police,signer02,D:\College notes\SEM-6\Minor Project\NSL\Data Collection\data\raw\call_police\call_police__signer02__003.npy,52,padded
143,call_police,signer02,D:\College notes\SEM-6\Minor Project\NSL\Data Collection\data\raw\call_police\call_police__signer02__004.npy,59,padded
144,call_police,signer02,D:\College notes\SEM-6\Minor Project\NSL\Data Collection\data\raw\call_police\call_police__signer02__005.npy,60,padded
145,call_police,signer02,D:\College notes\SEM-6\Minor Project\NSL\Data Collection\data\raw\call_police\call_police__signer02__006.npy,53,padded
146,call_police,signer02,D:\College notes\SEM-6\Minor Project\NSL\Data Collection\data\raw\call_police\call_police__signer02__007.npy,44,padded
147,call_police,signer02,D:\College notes\SEM-6\Minor Project\NSL\Data Collection\data\raw\call_police\call_police__signer02__008.npy,51,padded
148,call_police,signer02,D:\College notes\SEM-6\Minor Project\NSL\Data Collection\data\raw\call_police\call_police__signer02__009.npy,57,padded
149,call_police,signer02,D:\College notes\SEM-6\Minor Project\NSL\Data Collection\data\raw\call_police\call_police__signer02__010.npy,53,padded
150,call_police,signer02,D:\College notes\SEM-6\Minor Project\NSL\Data Collection\data\raw\call_police\call_police__signer02__011.npy,52,padded
151,call_police,signer02,D:\College notes\SEM-6\Minor Project\NSL\Data Collection\data\raw\call_police\call_police__signer02__012.npy,47,padded
152,call_police,signer02,D:\College notes\SEM-6\Minor Project\NSL\Data Collection\data\raw\call_police\call_police__signer02__013.npy,57,padded
153,call_police,signer02,D:\College notes\SEM-6\Minor Project\NSL\Data Collection\data\raw\call_police\call_police__signer02__014.npy,59,padded
154,call_police,signer02,D:\College notes\SEM-6\Minor Project\NSL\Data Collection\data\raw\call_police\call_police__signer02__015.npy,59,padded
155,call_police,signer02,D:\College notes\SEM-6\Minor Project\NSL\Data Collection\data\raw\call_police\call_police__signer02__016.npy,60,padded
156,call_police,signer02,D:\College notes\SEM-6\Minor Project\NSL\Data Collection\data\raw\call_police\call_police__signer02__017.npy,63,padded
157,call_police,signer02,D:\College notes\SEM-6\Minor Project\NSL\Data Collection\data\raw\call_police\call_police__signer02__018.npy,66,padded
158,call_police,signer02,D:\College notes\SEM-6\Minor Project\NSL\Data Collection\data\raw\call_police\call_police__signer02__019.npy,57,padded
159,call_police,signer02,D:\College notes\SEM-6\Minor Project\NSL\Data Collection\data\raw\call_police\call_police__signer02__020.npy,50,padded
160,call_police,signer03,D:\College notes\SEM-6\Minor Project\NSL\Data Collection\data\raw\call_police\call_police__signer03__001.npy,70,padded
161,call_police,signer03,D:\College notes\SEM-6\Minor Project\NSL\Data Collection\data\raw\call_police\call_police__signer03__002.npy,68,padded
162,call_police,signer03,D:\College notes\SEM-6\Minor Project\NSL\Data Collection\data\raw\call_police\call_police__signer03__003.npy,68,padded
163,call_police,signer03,D:\College notes\SEM-6\Minor Project\NSL\Data Collection\data\raw\call_police\call_police__signer03__004.npy,85,padded
164,call_police,signer03,D:\College notes\SEM-6\Minor Project\NSL\Data Collection\data\raw\call_police\call_police__signer03__005.npy,80,padded
165,call_police,signer03,D:\College notes\SEM-6\Minor Project\NSL\Data Collection\data\raw\call_police\call_police__signer03__006.npy,63,padded
166,call_police,signer03,D:\College notes\SEM-6\Minor Project\NSL\Data Collection\data\raw\call_police\call_police__signer03__007.npy,74,padded
167,call_police,signer03,D:\College notes\SEM-6\Minor Project\NSL\Data Collection\data\raw\call_police\call_police__signer03__008.npy,70,padded
168,call_police,signer03,D:\College notes\SEM-6\Minor Project\NSL\Data Collection\data\raw\call_police\call_police__signer03__009.npy,65,padded
169,call_police,signer03,D:\College notes\SEM-6\Minor Project\NSL\Data Collection\data\raw\call_police\call_police__signer03__010.npy,71,padded
170,call_police,signer03,D:\College notes\SEM-6\Minor Project\NSL\Data Collection\data\raw\call_police\call_police__signer03__011.npy,58,padded
171,call_police,signer03,D:\College notes\SEM-6\Minor Project\NSL\Data Collection\data\raw\call_police\call_police__signer03__012.npy,75,padded
172,call_police,signer03,D:\College notes\SEM-6\Minor Project\NSL\Data Collection\data\raw\call_police\call_police__signer03__013.npy,62,padded
173,call_police,signer03,D:\College notes\SEM-6\Minor Project\NSL\Data Collection\data\raw\call_police\call_police__signer03__014.npy,66,padded
174,call_police,signer03,D:\College notes\SEM-6\Minor Project\NSL\Data Collection\data\raw\call_police\call_police__signer03__015.npy,70,padded
175,call_police,signer03,D:\College notes\SEM-6\Minor Project\NSL\Data Collection\data\raw\call_police\call_police__signer03__016.npy,71,padded
176,call_police,signer03,D:\College notes\SEM-6\Minor Project\NSL\Data Collection\data\raw\call_police\call_police__signer03__017.npy,72,padded
177,call_police,signer03,D:\College notes\SEM-6\Minor Project\NSL\Data Collection\data\raw\call_police\call_police__signer03__018.npy,69,padded
178,call_police,signer03,D:\College notes\SEM-6\Minor Project\NSL\Data Collection\data\raw\call_police\call_police__signer03__019.npy,69,padded
179,call_police,signer03,D:\College notes\SEM-6\Minor Project\NSL\Data Collection\data\raw\call_police\call_police__signer03__020.npy,70,padded
180,call_police,signer04,D:\College notes\SEM-6\Minor Project\NSL\Data Collection\data\raw\call_police\call_police__signer04__001.npy,56,padded
181,call_police,signer04,D:\College notes\SEM-6\Minor Project\NSL\Data Collection\data\raw\call_police\call_police__signer04__002.npy,47,padded
182,call_police,signer04,D:\College notes\SEM-6\Minor Project\NSL\Data Collection\data\raw\call_police\call_police__signer04__003.npy,54,padded
183,call_police,signer04,D:\College notes\SEM-6\Minor Project\NSL\Data Collection\data\raw\call_police\call_police__signer04__004.npy,41,padded
184,call_police,signer04,D:\College notes\SEM-6\Minor Project\NSL\Data Collection\data\raw\call_police\call_police__signer04__005.npy,51,padded
185,call_police,signer04,D:\College notes\SEM-6\Minor Project\NSL\Data Collection\data\raw\call_police\call_police__signer04__006.npy,47,padded
186,call_police,signer04,D:\College notes\SEM-6\Minor Project\NSL\Data Collection\data\raw\call_police\call_police__signer04__007.npy,40,padded
187,call_police,signer04,D:\College notes\SEM-6\Minor Project\NSL\Data Collection\data\raw\call_police\call_police__signer04__008.npy,40,padded
188,call_police,signer04,D:\College notes\SEM-6\Minor Project\NSL\Data Collection\data\raw\call_police\call_police__signer04__009.npy,52,padded
189,call_police,signer04,D:\College notes\SEM-6\Minor Project\NSL\Data Collection\data\raw\call_police\call_police__signer04__010.npy,44,padded
190,call_police,signer04,D:\College notes\SEM-6\Minor Project\NSL\Data Collection\data\raw\call_police\call_police__signer04__011.npy,61,padded
191,call_police,signer04,D:\College notes\SEM-6\Minor Project\NSL\Data Collection\data\raw\call_police\call_police__signer04__012.npy,46,padded
192,call_police,signer04,D:\College notes\SEM-6\Minor Project\NSL\Data Collection\data\raw\call_police\call_police__signer04__013.npy,49,padded
193,call_police,signer04,D:\College notes\SEM-6\Minor Project\NSL\Data Collection\data\raw\call_police\call_police__signer04__014.npy,50,padded
194,call_police,signer04,D:\College notes\SEM-6\Minor Project\NSL\Data Collection\data\raw\call_police\call_police__signer04__015.npy,52,padded
195,call_police,signer04,D:\College notes\SEM-6\Minor Project\NSL\Data Collection\data\raw\call_police\call_police__signer04__016.npy,49,padded
196,call_police,signer04,D:\College notes\SEM-6\Minor Project\NSL\Data Collection\data\raw\call_police\call_police__signer04__017.npy,54,padded
197,call_police,signer04,D:\College notes\SEM-6\Minor Project\NSL\Data Collection\data\raw\call_police\call_police__signer04__018.npy,49,padded
198,call_police,signer04,D:\College notes\SEM-6\Minor Project\NSL\Data Collection\data\raw\call_police\call_police__signer04__019.npy,51,padded
199,call_police,signer04,D:\College notes\SEM-6\Minor Project\NSL\Data Collection\data\raw\call_police\call_police__signer04__020.npy,47,padded
200,call_police,signer05,D:\College notes\SEM-6\Minor Project\NSL\Data Collection\data\raw\call_police\call_police__signer05__001.npy,39,padded
201,call_police,signer05,D:\College notes\SEM-6\Minor Project\NSL\Data Collection\data\raw\call_police\call_police__signer05__002.npy,43,padded
202,call_police,signer05,D:\College notes\SEM-6\Minor Project\NSL\Data Collection\data\raw\call_police\call_police__signer05__003.npy,38,padded
203,call_police,signer05,D:\College notes\SEM-6\Minor Project\NSL\Data Collection\data\raw\call_police\call_police__signer05__004.npy,42,padded
204,call_police,signer05,D:\College notes\SEM-6\Minor Project\NSL\Data Collection\data\raw\call_police\call_police__signer05__005.npy,47,padded
205,call_police,signer05,D:\College notes\SEM-6\Minor Project\NSL\Data Collection\data\raw\call_police\call_police__signer05__006.npy,46,padded
206,call_police,signer05,D:\College notes\SEM-6\Minor Project\NSL\Data Collection\data\raw\call_police\call_police__signer05__007.npy,49,padded
207,call_police,signer05,D:\College notes\SEM-6\Minor Project\NSL\Data Collection\data\raw\call_police\call_police__signer05__008.npy,51,padded
208,call_police,signer05,D:\College notes\SEM-6\Minor Project\NSL\Data Collection\data\raw\call_police\call_police__signer05__009.npy,52,padded
209,call_police,signer05,D:\College notes\SEM-6\Minor Project\NSL\Data Collection\data\raw\call_police\call_police__signer05__010.npy,49,padded
210,call_police,signer06,D:\College notes\SEM-6\Minor Project\NSL\Data Collection\data\raw\call_police\call_police__signer06__001.npy,78,padded
211,call_police,signer06,D:\College notes\SEM-6\Minor Project\NSL\Data Collection\data\raw\call_police\call_police__signer06__002.npy,82,padded
212,call_police,signer06,D:\College notes\SEM-6\Minor Project\NSL\Data Collection\data\raw\call_police\call_police__signer06__003.npy,93,padded
213,call_police,signer06,D:\College notes\SEM-6\Minor Project\NSL\Data Collection\data\raw\call_police\call_police__signer06__004.npy,83,padded
214,call_police,signer06,D:\College notes\SEM-6\Minor Project\NSL\Data Collection\data\raw\call_police\call_police__signer06__005.npy,76,padded
215,call_police,signer06,D:\College notes\SEM-6\Minor Project\NSL\Data Collection\data\raw\call_police\call_police__signer06__006.npy,82,padded
216,call_police,signer06,D:\College notes\SEM-6\Minor Project\NSL\Data Collection\data\raw\call_police\call_police__signer06__007.npy,81,padded
217,call_police,signer06,D:\College notes\SEM-6\Minor Project\NSL\Data Collection\data\raw\call_police\call_police__signer06__008.npy,83,padded
218,call_police,signer06,D:\College notes\SEM-6\Minor Project\NSL\Data Collection\data\raw\call_police\call_police__signer06__009.npy,83,padded
219,call_police,signer06,D:\College notes\SEM-6\Minor Project\NSL\Data Collection\data\raw\call_police\call_police__signer06__010.npy,87,padded
220,call_police,signer07,D:\College notes\SEM-6\Minor Project\NSL\Data Collection\data\raw\call_police\call_police__signer07__001.npy,53,padded
221,call_police,signer07,D:\College notes\SEM-6\Minor Project\NSL\Data Collection\data\raw\call_police\call_police__signer07__002.npy,64,padded
222,call_police,signer07,D:\College notes\SEM-6\Minor Project\NSL\Data Collection\data\raw\call_police\call_police__signer07__003.npy,69,padded
223,call_police,signer07,D:\College notes\SEM-6\Minor Project\NSL\Data Collection\data\raw\call_police\call_police__signer07__004.npy,59,padded
224,call_police,signer07,D:\College notes\SEM-6\Minor Project\NSL\Data Collection\data\raw\call_police\call_police__signer07__005.npy,65,padded
225,call_police,signer07,D:\College notes\SEM-6\Minor Project\NSL\Data Collection\data\raw\call_police\call_police__signer07__006.npy,77,padded
226,call_police,signer07,D:\College notes\SEM-6\Minor Project\NSL\Data Collection\data\raw\call_police\call_police__signer07__007.npy,84,padded
227,call_police,signer07,D:\College notes\SEM-6\Minor Project\NSL\Data Collection\data\raw\call_police\call_police__signer07__008.npy,79,padded
228,call_police,signer07,D:\College notes\SEM-6\Minor Project\NSL\Data Collection\data\raw\call_police\call_police__signer07__009.npy,81,padded
229,call_police,signer07,D:\College notes\SEM-6\Minor Project\NSL\Data Collection\data\raw\call_police\call_police__signer07__010.npy,81,padded
230,call_police,signer08,D:\College notes\SEM-6\Minor Project\NSL\Data Collection\data\raw\call_police\call_police__signer08__001.npy,69,padded
231,call_police,signer08,D:\College notes\SEM-6\Minor Project\NSL\Data Collection\data\raw\call_police\call_police__signer08__002.npy,76,padded
232,call_police,signer08,D:\College notes\SEM-6\Minor Project\NSL\Data Collection\data\raw\call_police\call_police__signer08__003.npy,70,padded
233,call_police,signer08,D:\College notes\SEM-6\Minor Project\NSL\Data Collection\data\raw\call_police\call_police__signer08__004.npy,63,padded
234,call_police,signer08,D:\College notes\SEM-6\Minor Project\NSL\Data Collection\data\raw\call_police\call_police__signer08__005.npy,74,padded
235,call_police,signer08,D:\College notes\SEM-6\Minor Project\NSL\Data Collection\data\raw\call_police\call_police__signer08__006.npy,56,padded
236,call_police,signer08,D:\College notes\SEM-6\Minor Project\NSL\Data Collection\data\raw\call_police\call_police__signer08__007.npy,61,padded
237,call_police,signer08,D:\College notes\SEM-6\Minor Project\NSL\Data Collection\data\raw\call_police\call_police__signer08__008.npy,65,padded
238,call_police,signer08,D:\College notes\SEM-6\Minor Project\NSL\Data Collection\data\raw\call_police\call_police__signer08__009.npy,62,padded
239,call_police,signer08,D:\College notes\SEM-6\Minor Project\NSL\Data Collection\data\raw\call_police\call_police__signer08__010.npy,60,padded
240,cant_breathe,signer01,D:\College notes\SEM-6\Minor Project\NSL\Data Collection\data\raw\cant_breathe\cant_breathe__signer01__001.npy,88,padded
241,cant_breathe,signer01,D:\College notes\SEM-6\Minor Project\NSL\Data Collection\data\raw\cant_breathe\cant_breathe__signer01__002.npy,90,padded
242,cant_breathe,signer01,D:\College notes\SEM-6\Minor Project\NSL\Data Collection\data\raw\cant_breathe\cant_breathe__signer01__003.npy,93,padded
243,cant_breathe,signer01,D:\College notes\SEM-6\Minor Project\NSL\Data Collection\data\raw\cant_breathe\cant_breathe__signer01__004.npy,93,padded
244,cant_breathe,signer01,D:\College notes\SEM-6\Minor Project\NSL\Data Collection\data\raw\cant_breathe\cant_breathe__signer01__005.npy,87,padded
245,cant_breathe,signer01,D:\College notes\SEM-6\Minor Project\NSL\Data Collection\data\raw\cant_breathe\cant_breathe__signer01__006.npy,91,padded
246,cant_breathe,signer01,D:\College notes\SEM-6\Minor Project\NSL\Data Collection\data\raw\cant_breathe\cant_breathe__signer01__007.npy,81,padded
247,cant_breathe,signer01,D:\College notes\SEM-6\Minor Project\NSL\Data Collection\data\raw\cant_breathe\cant_breathe__signer01__008.npy,85,padded
248,cant_breathe,signer01,D:\College notes\SEM-6\Minor Project\NSL\Data Collection\data\raw\cant_breathe\cant_breathe__signer01__009.npy,89,padded
249,cant_breathe,signer01,D:\College notes\SEM-6\Minor Project\NSL\Data Collection\data\raw\cant_breathe\cant_breathe__signer01__010.npy,90,padded
250,cant_breathe,signer01,D:\College notes\SEM-6\Minor Project\NSL\Data Collection\data\raw\cant_breathe\cant_breathe__signer01__011.npy,87,padded
251,cant_breathe,signer01,D:\College notes\SEM-6\Minor Project\NSL\Data Collection\data\raw\cant_breathe\cant_breathe__signer01__012.npy,87,padded
252,cant_breathe,signer01,D:\College notes\SEM-6\Minor Project\NSL\Data Collection\data\raw\cant_breathe\cant_breathe__signer01__013.npy,87,padded
253,cant_breathe,signer01,D:\College notes\SEM-6\Minor Project\NSL\Data Collection\data\raw\cant_breathe\cant_breathe__signer01__014.npy,86,padded
254,cant_breathe,signer01,D:\College notes\SEM-6\Minor Project\NSL\Data Collection\data\raw\cant_breathe\cant_breathe__signer01__015.npy,89,padded
255,cant_breathe,signer01,D:\College notes\SEM-6\Minor Project\NSL\Data Collection\data\raw\cant_breathe\cant_breathe__signer01__016.npy,102,padded
256,cant_breathe,signer01,D:\College notes\SEM-6\Minor Project\NSL\Data Collection\data\raw\cant_breathe\cant_breathe__signer01__017.npy,113,padded
257,cant_breathe,signer01,D:\College notes\SEM-6\Minor Project\NSL\Data Collection\data\raw\cant_breathe\cant_breathe__signer01__018.npy,108,padded
258,cant_breathe,signer01,D:\College notes\SEM-6\Minor Project\NSL\Data Collection\data\raw\cant_breathe\cant_breathe__signer01__019.npy,100,padded
259,cant_breathe,signer01,D:\College notes\SEM-6\Minor Project\NSL\Data Collection\data\raw\cant_breathe\cant_breathe__signer01__020.npy,92,padded
260,cant_breathe,signer02,D:\College notes\SEM-6\Minor Project\NSL\Data Collection\data\raw\cant_breathe\cant_breathe__signer02__001.npy,119,padded
261,cant_breathe,signer02,D:\College notes\SEM-6\Minor Project\NSL\Data Collection\data\raw\cant_breathe\cant_breathe__signer02__002.npy,144,subsampled
262,cant_breathe,signer02,D:\College notes\SEM-6\Minor Project\NSL\Data Collection\data\raw\cant_breathe\cant_breathe__signer02__003.npy,87,padded
263,cant_breathe,signer02,D:\College notes\SEM-6\Minor Project\NSL\Data Collection\data\raw\cant_breathe\cant_breathe__signer02__004.npy,93,padded
264,cant_breathe,signer02,D:\College notes\SEM-6\Minor Project\NSL\Data Collection\data\raw\cant_breathe\cant_breathe__signer02__005.npy,97,padded
265,cant_breathe,signer02,D:\College notes\SEM-6\Minor Project\NSL\Data Collection\data\raw\cant_breathe\cant_breathe__signer02__006.npy,84,padded
266,cant_breathe,signer02,D:\College notes\SEM-6\Minor Project\NSL\Data Collection\data\raw\cant_breathe\cant_breathe__signer02__007.npy,82,padded
267,cant_breathe,signer02,D:\College notes\SEM-6\Minor Project\NSL\Data Collection\data\raw\cant_breathe\cant_breathe__signer02__008.npy,92,padded
268,cant_breathe,signer02,D:\College notes\SEM-6\Minor Project\NSL\Data Collection\data\raw\cant_breathe\cant_breathe__signer02__009.npy,86,padded
269,cant_breathe,signer02,D:\College notes\SEM-6\Minor Project\NSL\Data Collection\data\raw\cant_breathe\cant_breathe__signer02__010.npy,85,padded
270,cant_breathe,signer02,D:\College notes\SEM-6\Minor Project\NSL\Data Collection\data\raw\cant_breathe\cant_breathe__signer02__011.npy,71,padded
271,cant_breathe,signer02,D:\College notes\SEM-6\Minor Project\NSL\Data Collection\data\raw\cant_breathe\cant_breathe__signer02__012.npy,77,padded
272,cant_breathe,signer02,D:\College notes\SEM-6\Minor Project\NSL\Data Collection\data\raw\cant_breathe\cant_breathe__signer02__013.npy,89,padded
273,cant_breathe,signer02,D:\College notes\SEM-6\Minor Project\NSL\Data Collection\data\raw\cant_breathe\cant_breathe__signer02__014.npy,81,padded
274,cant_breathe,signer02,D:\College notes\SEM-6\Minor Project\NSL\Data Collection\data\raw\cant_breathe\cant_breathe__signer02__015.npy,83,padded
275,cant_breathe,signer02,D:\College notes\SEM-6\Minor Project\NSL\Data Collection\data\raw\cant_breathe\cant_breathe__signer02__016.npy,93,padded
276,cant_breathe,signer02,D:\College notes\SEM-6\Minor Project\NSL\Data Collection\data\raw\cant_breathe\cant_breathe__signer02__017.npy,98,padded
277,cant_breathe,signer02,D:\College notes\SEM-6\Minor Project\NSL\Data Collection\data\raw\cant_breathe\cant_breathe__signer02__018.npy,109,padded
278,cant_breathe,signer02,D:\College notes\SEM-6\Minor Project\NSL\Data Collection\data\raw\cant_breathe\cant_breathe__signer02__019.npy,123,padded
279,cant_breathe,signer02,D:\College notes\SEM-6\Minor Project\NSL\Data Collection\data\raw\cant_breathe\cant_breathe__signer02__020.npy,115,padded
280,cant_breathe,signer03,D:\College notes\SEM-6\Minor Project\NSL\Data Collection\data\raw\cant_breathe\cant_breathe__signer03__001.npy,173,subsampled
281,cant_breathe,signer03,D:\College notes\SEM-6\Minor Project\NSL\Data Collection\data\raw\cant_breathe\cant_breathe__signer03__002.npy,131,padded
282,cant_breathe,signer03,D:\College notes\SEM-6\Minor Project\NSL\Data Collection\data\raw\cant_breathe\cant_breathe__signer03__003.npy,136,padded
283,cant_breathe,signer03,D:\College notes\SEM-6\Minor Project\NSL\Data Collection\data\raw\cant_breathe\cant_breathe__signer03__004.npy,155,subsampled
284,cant_breathe,signer03,D:\College notes\SEM-6\Minor Project\NSL\Data Collection\data\raw\cant_breathe\cant_breathe__signer03__005.npy,146,subsampled
285,cant_breathe,signer03,D:\College notes\SEM-6\Minor Project\NSL\Data Collection\data\raw\cant_breathe\cant_breathe__signer03__006.npy,158,subsampled
286,cant_breathe,signer03,D:\College notes\SEM-6\Minor Project\NSL\Data Collection\data\raw\cant_breathe\cant_breathe__signer03__007.npy,150,subsampled
287,cant_breathe,signer03,D:\College notes\SEM-6\Minor Project\NSL\Data Collection\data\raw\cant_breathe\cant_breathe__signer03__008.npy,152,subsampled
288,cant_breathe,signer03,D:\College notes\SEM-6\Minor Project\NSL\Data Collection\data\raw\cant_breathe\cant_breathe__signer03__009.npy,141,subsampled
289,cant_breathe,signer03,D:\College notes\SEM-6\Minor Project\NSL\Data Collection\data\raw\cant_breathe\cant_breathe__signer03__010.npy,146,subsampled
290,cant_breathe,signer03,D:\College notes\SEM-6\Minor Project\NSL\Data Collection\data\raw\cant_breathe\cant_breathe__signer03__011.npy,146,subsampled
291,cant_breathe,signer03,D:\College notes\SEM-6\Minor Project\NSL\Data Collection\data\raw\cant_breathe\cant_breathe__signer03__012.npy,180,subsampled
292,cant_breathe,signer03,D:\College notes\SEM-6\Minor Project\NSL\Data Collection\data\raw\cant_breathe\cant_breathe__signer03__013.npy,150,subsampled
293,cant_breathe,signer03,D:\College notes\SEM-6\Minor Project\NSL\Data Collection\data\raw\cant_breathe\cant_breathe__signer03__014.npy,148,subsampled
294,cant_breathe,signer03,D:\College notes\SEM-6\Minor Project\NSL\Data Collection\data\raw\cant_breathe\cant_breathe__signer03__015.npy,156,subsampled
295,cant_breathe,signer03,D:\College notes\SEM-6\Minor Project\NSL\Data Collection\data\raw\cant_breathe\cant_breathe__signer03__016.npy,135,padded
296,cant_breathe,signer03,D:\College notes\SEM-6\Minor Project\NSL\Data Collection\data\raw\cant_breathe\cant_breathe__signer03__017.npy,115,padded
297,cant_breathe,signer03,D:\College notes\SEM-6\Minor Project\NSL\Data Collection\data\raw\cant_breathe\cant_breathe__signer03__018.npy,130,padded
298,cant_breathe,signer03,D:\College notes\SEM-6\Minor Project\NSL\Data Collection\data\raw\cant_breathe\cant_breathe__signer03__019.npy,125,padded
299,cant_breathe,signer03,D:\College notes\SEM-6\Minor Project\NSL\Data Collection\data\raw\cant_breathe\cant_breathe__signer03__020.npy,138,subsampled
300,cant_breathe,signer04,D:\College notes\SEM-6\Minor Project\NSL\Data Collection\data\raw\cant_breathe\cant_breathe__signer04__001.npy,107,padded
301,cant_breathe,signer04,D:\College notes\SEM-6\Minor Project\NSL\Data Collection\data\raw\cant_breathe\cant_breathe__signer04__002.npy,103,padded
302,cant_breathe,signer04,D:\College notes\SEM-6\Minor Project\NSL\Data Collection\data\raw\cant_breathe\cant_breathe__signer04__003.npy,103,padded
303,cant_breathe,signer04,D:\College notes\SEM-6\Minor Project\NSL\Data Collection\data\raw\cant_breathe\cant_breathe__signer04__004.npy,97,padded
304,cant_breathe,signer04,D:\College notes\SEM-6\Minor Project\NSL\Data Collection\data\raw\cant_breathe\cant_breathe__signer04__005.npy,89,padded
305,cant_breathe,signer04,D:\College notes\SEM-6\Minor Project\NSL\Data Collection\data\raw\cant_breathe\cant_breathe__signer04__006.npy,88,padded
306,cant_breathe,signer04,D:\College notes\SEM-6\Minor Project\NSL\Data Collection\data\raw\cant_breathe\cant_breathe__signer04__007.npy,86,padded
307,cant_breathe,signer04,D:\College notes\SEM-6\Minor Project\NSL\Data Collection\data\raw\cant_breathe\cant_breathe__signer04__008.npy,113,padded
308,cant_breathe,signer04,D:\College notes\SEM-6\Minor Project\NSL\Data Collection\data\raw\cant_breathe\cant_breathe__signer04__009.npy,85,padded
309,cant_breathe,signer04,D:\College notes\SEM-6\Minor Project\NSL\Data Collection\data\raw\cant_breathe\cant_breathe__signer04__010.npy,85,padded
310,cant_breathe,signer04,D:\College notes\SEM-6\Minor Project\NSL\Data Collection\data\raw\cant_breathe\cant_breathe__signer04__011.npy,89,padded
311,cant_breathe,signer04,D:\College notes\SEM-6\Minor Project\NSL\Data Collection\data\raw\cant_breathe\cant_breathe__signer04__012.npy,95,padded
312,cant_breathe,signer04,D:\College notes\SEM-6\Minor Project\NSL\Data Collection\data\raw\cant_breathe\cant_breathe__signer04__013.npy,108,padded
313,cant_breathe,signer04,D:\College notes\SEM-6\Minor Project\NSL\Data Collection\data\raw\cant_breathe\cant_breathe__signer04__014.npy,112,padded
314,cant_breathe,signer04,D:\College notes\SEM-6\Minor Project\NSL\Data Collection\data\raw\cant_breathe\cant_breathe__signer04__015.npy,97,padded
315,cant_breathe,signer04,D:\College notes\SEM-6\Minor Project\NSL\Data Collection\data\raw\cant_breathe\cant_breathe__signer04__018.npy,103,padded
316,cant_breathe,signer04,D:\College notes\SEM-6\Minor Project\NSL\Data Collection\data\raw\cant_breathe\cant_breathe__signer04__019.npy,95,padded
317,cant_breathe,signer04,D:\College notes\SEM-6\Minor Project\NSL\Data Collection\data\raw\cant_breathe\cant_breathe__signer04__020.npy,100,padded
318,cant_breathe,signer04,D:\College notes\SEM-6\Minor Project\NSL\Data Collection\data\raw\cant_breathe\cant_breathe__signer04__021.npy,141,subsampled
319,cant_breathe,signer04,D:\College notes\SEM-6\Minor Project\NSL\Data Collection\data\raw\cant_breathe\cant_breathe__signer04__023.npy,146,subsampled
320,cant_breathe,signer05,D:\College notes\SEM-6\Minor Project\NSL\Data Collection\data\raw\cant_breathe\cant_breathe__signer05__001.npy,107,padded
321,cant_breathe,signer05,D:\College notes\SEM-6\Minor Project\NSL\Data Collection\data\raw\cant_breathe\cant_breathe__signer05__002.npy,115,padded
322,cant_breathe,signer05,D:\College notes\SEM-6\Minor Project\NSL\Data Collection\data\raw\cant_breathe\cant_breathe__signer05__003.npy,107,padded
323,cant_breathe,signer05,D:\College notes\SEM-6\Minor Project\NSL\Data Collection\data\raw\cant_breathe\cant_breathe__signer05__004.npy,111,padded
324,cant_breathe,signer05,D:\College notes\SEM-6\Minor Project\NSL\Data Collection\data\raw\cant_breathe\cant_breathe__signer05__005.npy,101,padded
325,cant_breathe,signer05,D:\College notes\SEM-6\Minor Project\NSL\Data Collection\data\raw\cant_breathe\cant_breathe__signer05__006.npy,101,padded
326,cant_breathe,signer05,D:\College notes\SEM-6\Minor Project\NSL\Data Collection\data\raw\cant_breathe\cant_breathe__signer05__007.npy,107,padded
327,cant_breathe,signer05,D:\College notes\SEM-6\Minor Project\NSL\Data Collection\data\raw\cant_breathe\cant_breathe__signer05__008.npy,106,padded
328,cant_breathe,signer05,D:\College notes\SEM-6\Minor Project\NSL\Data Collection\data\raw\cant_breathe\cant_breathe__signer05__009.npy,105,padded
329,cant_breathe,signer05,D:\College notes\SEM-6\Minor Project\NSL\Data Collection\data\raw\cant_breathe\cant_breathe__signer05__010.npy,100,padded
330,cant_breathe,signer06,D:\College notes\SEM-6\Minor Project\NSL\Data Collection\data\raw\cant_breathe\cant_breathe__signer06__001.npy,131,padded
331,cant_breathe,signer06,D:\College notes\SEM-6\Minor Project\NSL\Data Collection\data\raw\cant_breathe\cant_breathe__signer06__002.npy,146,subsampled
332,cant_breathe,signer06,D:\College notes\SEM-6\Minor Project\NSL\Data Collection\data\raw\cant_breathe\cant_breathe__signer06__003.npy,147,subsampled
333,cant_breathe,signer06,D:\College notes\SEM-6\Minor Project\NSL\Data Collection\data\raw\cant_breathe\cant_breathe__signer06__004.npy,146,subsampled
334,cant_breathe,signer06,D:\College notes\SEM-6\Minor Project\NSL\Data Collection\data\raw\cant_breathe\cant_breathe__signer06__005.npy,148,subsampled
335,cant_breathe,signer06,D:\College notes\SEM-6\Minor Project\NSL\Data Collection\data\raw\cant_breathe\cant_breathe__signer06__006.npy,155,subsampled
336,cant_breathe,signer06,D:\College notes\SEM-6\Minor Project\NSL\Data Collection\data\raw\cant_breathe\cant_breathe__signer06__007.npy,148,subsampled
337,cant_breathe,signer06,D:\College notes\SEM-6\Minor Project\NSL\Data Collection\data\raw\cant_breathe\cant_breathe__signer06__008.npy,160,subsampled
338,cant_breathe,signer06,D:\College notes\SEM-6\Minor Project\NSL\Data Collection\data\raw\cant_breathe\cant_breathe__signer06__009.npy,152,subsampled
339,cant_breathe,signer06,D:\College notes\SEM-6\Minor Project\NSL\Data Collection\data\raw\cant_breathe\cant_breathe__signer06__010.npy,140,subsampled
340,cant_breathe,signer07,D:\College notes\SEM-6\Minor Project\NSL\Data Collection\data\raw\cant_breathe\cant_breathe__signer07__001.npy,107,padded
341,cant_breathe,signer07,D:\College notes\SEM-6\Minor Project\NSL\Data Collection\data\raw\cant_breathe\cant_breathe__signer07__002.npy,112,padded
342,cant_breathe,signer07,D:\College notes\SEM-6\Minor Project\NSL\Data Collection\data\raw\cant_breathe\cant_breathe__signer07__003.npy,107,padded
343,cant_breathe,signer07,D:\College notes\SEM-6\Minor Project\NSL\Data Collection\data\raw\cant_breathe\cant_breathe__signer07__004.npy,98,padded
344,cant_breathe,signer07,D:\College notes\SEM-6\Minor Project\NSL\Data Collection\data\raw\cant_breathe\cant_breathe__signer07__005.npy,100,padded
345,cant_breathe,signer07,D:\College notes\SEM-6\Minor Project\NSL\Data Collection\data\raw\cant_breathe\cant_breathe__signer07__006.npy,105,padded
346,cant_breathe,signer07,D:\College notes\SEM-6\Minor Project\NSL\Data Collection\data\raw\cant_breathe\cant_breathe__signer07__007.npy,110,padded
347,cant_breathe,signer07,D:\College notes\SEM-6\Minor Project\NSL\Data Collection\data\raw\cant_breathe\cant_breathe__signer07__008.npy,114,padded
348,cant_breathe,signer07,D:\College notes\SEM-6\Minor Project\NSL\Data Collection\data\raw\cant_breathe\cant_breathe__signer07__009.npy,129,padded
349,cant_breathe,signer07,D:\College notes\SEM-6\Minor Project\NSL\Data Collection\data\raw\cant_breathe\cant_breathe__signer07__010.npy,129,padded
350,cant_breathe,signer08,D:\College notes\SEM-6\Minor Project\NSL\Data Collection\data\raw\cant_breathe\cant_breathe__signer08__001.npy,93,padded
351,cant_breathe,signer08,D:\College notes\SEM-6\Minor Project\NSL\Data Collection\data\raw\cant_breathe\cant_breathe__signer08__002.npy,107,padded
352,cant_breathe,signer08,D:\College notes\SEM-6\Minor Project\NSL\Data Collection\data\raw\cant_breathe\cant_breathe__signer08__003.npy,95,padded
353,cant_breathe,signer08,D:\College notes\SEM-6\Minor Project\NSL\Data Collection\data\raw\cant_breathe\cant_breathe__signer08__004.npy,85,padded
354,cant_breathe,signer08,D:\College notes\SEM-6\Minor Project\NSL\Data Collection\data\raw\cant_breathe\cant_breathe__signer08__005.npy,83,padded
355,cant_breathe,signer08,D:\College notes\SEM-6\Minor Project\NSL\Data Collection\data\raw\cant_breathe\cant_breathe__signer08__006.npy,94,padded
356,cant_breathe,signer08,D:\College notes\SEM-6\Minor Project\NSL\Data Collection\data\raw\cant_breathe\cant_breathe__signer08__007.npy,98,padded
357,cant_breathe,signer08,D:\College notes\SEM-6\Minor Project\NSL\Data Collection\data\raw\cant_breathe\cant_breathe__signer08__008.npy,91,padded
358,cant_breathe,signer08,D:\College notes\SEM-6\Minor Project\NSL\Data Collection\data\raw\cant_breathe\cant_breathe__signer08__009.npy,96,padded
359,cant_breathe,signer08,D:\College notes\SEM-6\Minor Project\NSL\Data Collection\data\raw\cant_breathe\cant_breathe__signer08__010.npy,95,padded
360,help_danger,signer01,D:\College notes\SEM-6\Minor Project\NSL\Data Collection\data\raw\help_danger\help_danger__signer01__001.npy,71,padded
361,help_danger,signer01,D:\College notes\SEM-6\Minor Project\NSL\Data Collection\data\raw\help_danger\help_danger__signer01__002.npy,99,padded
362,help_danger,signer01,D:\College notes\SEM-6\Minor Project\NSL\Data Collection\data\raw\help_danger\help_danger__signer01__003.npy,69,padded
363,help_danger,signer01,D:\College notes\SEM-6\Minor Project\NSL\Data Collection\data\raw\help_danger\help_danger__signer01__004.npy,66,padded
364,help_danger,signer01,D:\College notes\SEM-6\Minor Project\NSL\Data Collection\data\raw\help_danger\help_danger__signer01__005.npy,80,padded
365,help_danger,signer01,D:\College notes\SEM-6\Minor Project\NSL\Data Collection\data\raw\help_danger\help_danger__signer01__006.npy,76,padded
366,help_danger,signer01,D:\College notes\SEM-6\Minor Project\NSL\Data Collection\data\raw\help_danger\help_danger__signer01__007.npy,80,padded
367,help_danger,signer01,D:\College notes\SEM-6\Minor Project\NSL\Data Collection\data\raw\help_danger\help_danger__signer01__008.npy,70,padded
368,help_danger,signer01,D:\College notes\SEM-6\Minor Project\NSL\Data Collection\data\raw\help_danger\help_danger__signer01__009.npy,72,padded
369,help_danger,signer01,D:\College notes\SEM-6\Minor Project\NSL\Data Collection\data\raw\help_danger\help_danger__signer01__010.npy,79,padded
370,help_danger,signer01,D:\College notes\SEM-6\Minor Project\NSL\Data Collection\data\raw\help_danger\help_danger__signer01__011.npy,77,padded
371,help_danger,signer01,D:\College notes\SEM-6\Minor Project\NSL\Data Collection\data\raw\help_danger\help_danger__signer01__012.npy,76,padded
372,help_danger,signer01,D:\College notes\SEM-6\Minor Project\NSL\Data Collection\data\raw\help_danger\help_danger__signer01__013.npy,76,padded
373,help_danger,signer01,D:\College notes\SEM-6\Minor Project\NSL\Data Collection\data\raw\help_danger\help_danger__signer01__014.npy,74,padded
374,help_danger,signer01,D:\College notes\SEM-6\Minor Project\NSL\Data Collection\data\raw\help_danger\help_danger__signer01__015.npy,77,padded
375,help_danger,signer01,D:\College notes\SEM-6\Minor Project\NSL\Data Collection\data\raw\help_danger\help_danger__signer01__016.npy,71,padded
376,help_danger,signer01,D:\College notes\SEM-6\Minor Project\NSL\Data Collection\data\raw\help_danger\help_danger__signer01__017.npy,69,padded
377,help_danger,signer01,D:\College notes\SEM-6\Minor Project\NSL\Data Collection\data\raw\help_danger\help_danger__signer01__018.npy,71,padded
378,help_danger,signer01,D:\College notes\SEM-6\Minor Project\NSL\Data Collection\data\raw\help_danger\help_danger__signer01__019.npy,66,padded
379,help_danger,signer01,D:\College notes\SEM-6\Minor Project\NSL\Data Collection\data\raw\help_danger\help_danger__signer01__020.npy,72,padded
380,help_danger,signer02,D:\College notes\SEM-6\Minor Project\NSL\Data Collection\data\raw\help_danger\help_danger__signer02__001.npy,87,padded
381,help_danger,signer02,D:\College notes\SEM-6\Minor Project\NSL\Data Collection\data\raw\help_danger\help_danger__signer02__002.npy,96,padded
382,help_danger,signer02,D:\College notes\SEM-6\Minor Project\NSL\Data Collection\data\raw\help_danger\help_danger__signer02__003.npy,93,padded
383,help_danger,signer02,D:\College notes\SEM-6\Minor Project\NSL\Data Collection\data\raw\help_danger\help_danger__signer02__004.npy,102,padded
384,help_danger,signer02,D:\College notes\SEM-6\Minor Project\NSL\Data Collection\data\raw\help_danger\help_danger__signer02__005.npy,90,padded
385,help_danger,signer02,D:\College notes\SEM-6\Minor Project\NSL\Data Collection\data\raw\help_danger\help_danger__signer02__006.npy,93,padded
386,help_danger,signer02,D:\College notes\SEM-6\Minor Project\NSL\Data Collection\data\raw\help_danger\help_danger__signer02__007.npy,85,padded
387,help_danger,signer02,D:\College notes\SEM-6\Minor Project\NSL\Data Collection\data\raw\help_danger\help_danger__signer02__008.npy,90,padded
388,help_danger,signer02,D:\College notes\SEM-6\Minor Project\NSL\Data Collection\data\raw\help_danger\help_danger__signer02__009.npy,92,padded
389,help_danger,signer02,D:\College notes\SEM-6\Minor Project\NSL\Data Collection\data\raw\help_danger\help_danger__signer02__010.npy,91,padded
390,help_danger,signer02,D:\College notes\SEM-6\Minor Project\NSL\Data Collection\data\raw\help_danger\help_danger__signer02__011.npy,94,padded
391,help_danger,signer02,D:\College notes\SEM-6\Minor Project\NSL\Data Collection\data\raw\help_danger\help_danger__signer02__012.npy,100,padded
392,help_danger,signer02,D:\College notes\SEM-6\Minor Project\NSL\Data Collection\data\raw\help_danger\help_danger__signer02__013.npy,98,padded
393,help_danger,signer02,D:\College notes\SEM-6\Minor Project\NSL\Data Collection\data\raw\help_danger\help_danger__signer02__014.npy,90,padded
394,help_danger,signer02,D:\College notes\SEM-6\Minor Project\NSL\Data Collection\data\raw\help_danger\help_danger__signer02__015.npy,86,padded
395,help_danger,signer02,D:\College notes\SEM-6\Minor Project\NSL\Data Collection\data\raw\help_danger\help_danger__signer02__016.npy,81,padded
396,help_danger,signer02,D:\College notes\SEM-6\Minor Project\NSL\Data Collection\data\raw\help_danger\help_danger__signer02__017.npy,83,padded
397,help_danger,signer02,D:\College notes\SEM-6\Minor Project\NSL\Data Collection\data\raw\help_danger\help_danger__signer02__018.npy,79,padded
398,help_danger,signer02,D:\College notes\SEM-6\Minor Project\NSL\Data Collection\data\raw\help_danger\help_danger__signer02__019.npy,79,padded
399,help_danger,signer02,D:\College notes\SEM-6\Minor Project\NSL\Data Collection\data\raw\help_danger\help_danger__signer02__020.npy,73,padded
400,help_danger,signer03,D:\College notes\SEM-6\Minor Project\NSL\Data Collection\data\raw\help_danger\help_danger__signer03__001.npy,96,padded
401,help_danger,signer03,D:\College notes\SEM-6\Minor Project\NSL\Data Collection\data\raw\help_danger\help_danger__signer03__002.npy,103,padded
402,help_danger,signer03,D:\College notes\SEM-6\Minor Project\NSL\Data Collection\data\raw\help_danger\help_danger__signer03__003.npy,98,padded
403,help_danger,signer03,D:\College notes\SEM-6\Minor Project\NSL\Data Collection\data\raw\help_danger\help_danger__signer03__004.npy,109,padded
404,help_danger,signer03,D:\College notes\SEM-6\Minor Project\NSL\Data Collection\data\raw\help_danger\help_danger__signer03__005.npy,102,padded
405,help_danger,signer03,D:\College notes\SEM-6\Minor Project\NSL\Data Collection\data\raw\help_danger\help_danger__signer03__006.npy,100,padded
406,help_danger,signer03,D:\College notes\SEM-6\Minor Project\NSL\Data Collection\data\raw\help_danger\help_danger__signer03__007.npy,112,padded
407,help_danger,signer03,D:\College notes\SEM-6\Minor Project\NSL\Data Collection\data\raw\help_danger\help_danger__signer03__008.npy,114,padded
408,help_danger,signer03,D:\College notes\SEM-6\Minor Project\NSL\Data Collection\data\raw\help_danger\help_danger__signer03__009.npy,100,padded
409,help_danger,signer03,D:\College notes\SEM-6\Minor Project\NSL\Data Collection\data\raw\help_danger\help_danger__signer03__010.npy,95,padded
410,help_danger,signer03,D:\College notes\SEM-6\Minor Project\NSL\Data Collection\data\raw\help_danger\help_danger__signer03__011.npy,113,padded
411,help_danger,signer03,D:\College notes\SEM-6\Minor Project\NSL\Data Collection\data\raw\help_danger\help_danger__signer03__012.npy,119,padded
412,help_danger,signer03,D:\College notes\SEM-6\Minor Project\NSL\Data Collection\data\raw\help_danger\help_danger__signer03__013.npy,105,padded
413,help_danger,signer03,D:\College notes\SEM-6\Minor Project\NSL\Data Collection\data\raw\help_danger\help_danger__signer03__014.npy,109,padded
414,help_danger,signer03,D:\College notes\SEM-6\Minor Project\NSL\Data Collection\data\raw\help_danger\help_danger__signer03__015.npy,103,padded
415,help_danger,signer03,D:\College notes\SEM-6\Minor Project\NSL\Data Collection\data\raw\help_danger\help_danger__signer03__016.npy,102,padded
416,help_danger,signer03,D:\College notes\SEM-6\Minor Project\NSL\Data Collection\data\raw\help_danger\help_danger__signer03__017.npy,100,padded
417,help_danger,signer03,D:\College notes\SEM-6\Minor Project\NSL\Data Collection\data\raw\help_danger\help_danger__signer03__018.npy,93,padded
418,help_danger,signer03,D:\College notes\SEM-6\Minor Project\NSL\Data Collection\data\raw\help_danger\help_danger__signer03__019.npy,103,padded
419,help_danger,signer03,D:\College notes\SEM-6\Minor Project\NSL\Data Collection\data\raw\help_danger\help_danger__signer03__020.npy,86,padded
420,help_danger,signer04,D:\College notes\SEM-6\Minor Project\NSL\Data Collection\data\raw\help_danger\help_danger__signer04__002.npy,87,padded
421,help_danger,signer04,D:\College notes\SEM-6\Minor Project\NSL\Data Collection\data\raw\help_danger\help_danger__signer04__003.npy,92,padded
422,help_danger,signer04,D:\College notes\SEM-6\Minor Project\NSL\Data Collection\data\raw\help_danger\help_danger__signer04__004.npy,68,padded
423,help_danger,signer04,D:\College notes\SEM-6\Minor Project\NSL\Data Collection\data\raw\help_danger\help_danger__signer04__005.npy,75,padded
424,help_danger,signer04,D:\College notes\SEM-6\Minor Project\NSL\Data Collection\data\raw\help_danger\help_danger__signer04__006.npy,74,padded
425,help_danger,signer04,D:\College notes\SEM-6\Minor Project\NSL\Data Collection\data\raw\help_danger\help_danger__signer04__007.npy,74,padded
426,help_danger,signer04,D:\College notes\SEM-6\Minor Project\NSL\Data Collection\data\raw\help_danger\help_danger__signer04__008.npy,83,padded
427,help_danger,signer04,D:\College notes\SEM-6\Minor Project\NSL\Data Collection\data\raw\help_danger\help_danger__signer04__009.npy,76,padded
428,help_danger,signer04,D:\College notes\SEM-6\Minor Project\NSL\Data Collection\data\raw\help_danger\help_danger__signer04__010.npy,81,padded
429,help_danger,signer04,D:\College notes\SEM-6\Minor Project\NSL\Data Collection\data\raw\help_danger\help_danger__signer04__011.npy,72,padded
430,help_danger,signer04,D:\College notes\SEM-6\Minor Project\NSL\Data Collection\data\raw\help_danger\help_danger__signer04__012.npy,71,padded
431,help_danger,signer04,D:\College notes\SEM-6\Minor Project\NSL\Data Collection\data\raw\help_danger\help_danger__signer04__013.npy,75,padded
432,help_danger,signer04,D:\College notes\SEM-6\Minor Project\NSL\Data Collection\data\raw\help_danger\help_danger__signer04__014.npy,73,padded
433,help_danger,signer04,D:\College notes\SEM-6\Minor Project\NSL\Data Collection\data\raw\help_danger\help_danger__signer04__015.npy,67,padded
434,help_danger,signer04,D:\College notes\SEM-6\Minor Project\NSL\Data Collection\data\raw\help_danger\help_danger__signer04__016.npy,71,padded
435,help_danger,signer04,D:\College notes\SEM-6\Minor Project\NSL\Data Collection\data\raw\help_danger\help_danger__signer04__017.npy,76,padded
436,help_danger,signer04,D:\College notes\SEM-6\Minor Project\NSL\Data Collection\data\raw\help_danger\help_danger__signer04__018.npy,77,padded
437,help_danger,signer04,D:\College notes\SEM-6\Minor Project\NSL\Data Collection\data\raw\help_danger\help_danger__signer04__019.npy,69,padded
438,help_danger,signer04,D:\College notes\SEM-6\Minor Project\NSL\Data Collection\data\raw\help_danger\help_danger__signer04__020.npy,75,padded
439,help_danger,signer04,D:\College notes\SEM-6\Minor Project\NSL\Data Collection\data\raw\help_danger\help_danger__signer04__021.npy,74,padded
440,help_danger,signer05,D:\College notes\SEM-6\Minor Project\NSL\Data Collection\data\raw\help_danger\help_danger__signer05__001.npy,64,padded
441,help_danger,signer05,D:\College notes\SEM-6\Minor Project\NSL\Data Collection\data\raw\help_danger\help_danger__signer05__002.npy,58,padded
442,help_danger,signer05,D:\College notes\SEM-6\Minor Project\NSL\Data Collection\data\raw\help_danger\help_danger__signer05__003.npy,57,padded
443,help_danger,signer05,D:\College notes\SEM-6\Minor Project\NSL\Data Collection\data\raw\help_danger\help_danger__signer05__004.npy,56,padded
444,help_danger,signer05,D:\College notes\SEM-6\Minor Project\NSL\Data Collection\data\raw\help_danger\help_danger__signer05__005.npy,59,padded
445,help_danger,signer05,D:\College notes\SEM-6\Minor Project\NSL\Data Collection\data\raw\help_danger\help_danger__signer05__006.npy,67,padded
446,help_danger,signer05,D:\College notes\SEM-6\Minor Project\NSL\Data Collection\data\raw\help_danger\help_danger__signer05__007.npy,61,padded
447,help_danger,signer05,D:\College notes\SEM-6\Minor Project\NSL\Data Collection\data\raw\help_danger\help_danger__signer05__008.npy,55,padded
448,help_danger,signer05,D:\College notes\SEM-6\Minor Project\NSL\Data Collection\data\raw\help_danger\help_danger__signer05__009.npy,66,padded
449,help_danger,signer05,D:\College notes\SEM-6\Minor Project\NSL\Data Collection\data\raw\help_danger\help_danger__signer05__010.npy,65,padded
450,help_danger,signer06,D:\College notes\SEM-6\Minor Project\NSL\Data Collection\data\raw\help_danger\help_danger__signer06__001.npy,94,padded
451,help_danger,signer06,D:\College notes\SEM-6\Minor Project\NSL\Data Collection\data\raw\help_danger\help_danger__signer06__002.npy,97,padded
452,help_danger,signer06,D:\College notes\SEM-6\Minor Project\NSL\Data Collection\data\raw\help_danger\help_danger__signer06__003.npy,92,padded
453,help_danger,signer06,D:\College notes\SEM-6\Minor Project\NSL\Data Collection\data\raw\help_danger\help_danger__signer06__004.npy,105,padded
454,help_danger,signer06,D:\College notes\SEM-6\Minor Project\NSL\Data Collection\data\raw\help_danger\help_danger__signer06__005.npy,109,padded
455,help_danger,signer06,D:\College notes\SEM-6\Minor Project\NSL\Data Collection\data\raw\help_danger\help_danger__signer06__006.npy,103,padded
456,help_danger,signer06,D:\College notes\SEM-6\Minor Project\NSL\Data Collection\data\raw\help_danger\help_danger__signer06__007.npy,109,padded
457,help_danger,signer06,D:\College notes\SEM-6\Minor Project\NSL\Data Collection\data\raw\help_danger\help_danger__signer06__008.npy,110,padded
458,help_danger,signer06,D:\College notes\SEM-6\Minor Project\NSL\Data Collection\data\raw\help_danger\help_danger__signer06__009.npy,110,padded
459,help_danger,signer06,D:\College notes\SEM-6\Minor Project\NSL\Data Collection\data\raw\help_danger\help_danger__signer06__010.npy,104,padded
460,help_danger,signer07,D:\College notes\SEM-6\Minor Project\NSL\Data Collection\data\raw\help_danger\help_danger__signer07__001.npy,83,padded
461,help_danger,signer07,D:\College notes\SEM-6\Minor Project\NSL\Data Collection\data\raw\help_danger\help_danger__signer07__002.npy,78,padded
462,help_danger,signer07,D:\College notes\SEM-6\Minor Project\NSL\Data Collection\data\raw\help_danger\help_danger__signer07__003.npy,94,padded
463,help_danger,signer07,D:\College notes\SEM-6\Minor Project\NSL\Data Collection\data\raw\help_danger\help_danger__signer07__004.npy,82,padded
464,help_danger,signer07,D:\College notes\SEM-6\Minor Project\NSL\Data Collection\data\raw\help_danger\help_danger__signer07__005.npy,92,padded
465,help_danger,signer07,D:\College notes\SEM-6\Minor Project\NSL\Data Collection\data\raw\help_danger\help_danger__signer07__006.npy,91,padded
466,help_danger,signer07,D:\College notes\SEM-6\Minor Project\NSL\Data Collection\data\raw\help_danger\help_danger__signer07__007.npy,90,padded
467,help_danger,signer07,D:\College notes\SEM-6\Minor Project\NSL\Data Collection\data\raw\help_danger\help_danger__signer07__008.npy,82,padded
468,help_danger,signer07,D:\College notes\SEM-6\Minor Project\NSL\Data Collection\data\raw\help_danger\help_danger__signer07__009.npy,86,padded
469,help_danger,signer07,D:\College notes\SEM-6\Minor Project\NSL\Data Collection\data\raw\help_danger\help_danger__signer07__010.npy,86,padded
470,help_danger,signer08,D:\College notes\SEM-6\Minor Project\NSL\Data Collection\data\raw\help_danger\help_danger__signer08__001.npy,91,padded
471,help_danger,signer08,D:\College notes\SEM-6\Minor Project\NSL\Data Collection\data\raw\help_danger\help_danger__signer08__002.npy,109,padded
472,help_danger,signer08,D:\College notes\SEM-6\Minor Project\NSL\Data Collection\data\raw\help_danger\help_danger__signer08__003.npy,102,padded
473,help_danger,signer08,D:\College notes\SEM-6\Minor Project\NSL\Data Collection\data\raw\help_danger\help_danger__signer08__004.npy,102,padded
474,help_danger,signer08,D:\College notes\SEM-6\Minor Project\NSL\Data Collection\data\raw\help_danger\help_danger__signer08__005.npy,92,padded
475,help_danger,signer08,D:\College notes\SEM-6\Minor Project\NSL\Data Collection\data\raw\help_danger\help_danger__signer08__006.npy,96,padded
476,help_danger,signer08,D:\College notes\SEM-6\Minor Project\NSL\Data Collection\data\raw\help_danger\help_danger__signer08__007.npy,96,padded
477,help_danger,signer08,D:\College notes\SEM-6\Minor Project\NSL\Data Collection\data\raw\help_danger\help_danger__signer08__008.npy,63,padded
478,help_danger,signer08,D:\College notes\SEM-6\Minor Project\NSL\Data Collection\data\raw\help_danger\help_danger__signer08__009.npy,89,padded
479,help_danger,signer08,D:\College notes\SEM-6\Minor Project\NSL\Data Collection\data\raw\help_danger\help_danger__signer08__010.npy,63,padded
480,need_ambulance,signer01,D:\College notes\SEM-6\Minor Project\NSL\Data Collection\data\raw\need_ambulance\need_ambulance__signer01__001.npy,79,padded
481,need_ambulance,signer01,D:\College notes\SEM-6\Minor Project\NSL\Data Collection\data\raw\need_ambulance\need_ambulance__signer01__002.npy,83,padded
482,need_ambulance,signer01,D:\College notes\SEM-6\Minor Project\NSL\Data Collection\data\raw\need_ambulance\need_ambulance__signer01__003.npy,83,padded
483,need_ambulance,signer01,D:\College notes\SEM-6\Minor Project\NSL\Data Collection\data\raw\need_ambulance\need_ambulance__signer01__004.npy,89,padded
484,need_ambulance,signer01,D:\College notes\SEM-6\Minor Project\NSL\Data Collection\data\raw\need_ambulance\need_ambulance__signer01__005.npy,93,padded
485,need_ambulance,signer01,D:\College notes\SEM-6\Minor Project\NSL\Data Collection\data\raw\need_ambulance\need_ambulance__signer01__006.npy,89,padded
486,need_ambulance,signer01,D:\College notes\SEM-6\Minor Project\NSL\Data Collection\data\raw\need_ambulance\need_ambulance__signer01__007.npy,91,padded
487,need_ambulance,signer01,D:\College notes\SEM-6\Minor Project\NSL\Data Collection\data\raw\need_ambulance\need_ambulance__signer01__008.npy,86,padded
488,need_ambulance,signer01,D:\College notes\SEM-6\Minor Project\NSL\Data Collection\data\raw\need_ambulance\need_ambulance__signer01__009.npy,89,padded
489,need_ambulance,signer01,D:\College notes\SEM-6\Minor Project\NSL\Data Collection\data\raw\need_ambulance\need_ambulance__signer01__010.npy,84,padded
490,need_ambulance,signer01,D:\College notes\SEM-6\Minor Project\NSL\Data Collection\data\raw\need_ambulance\need_ambulance__signer01__011.npy,77,padded
491,need_ambulance,signer01,D:\College notes\SEM-6\Minor Project\NSL\Data Collection\data\raw\need_ambulance\need_ambulance__signer01__012.npy,86,padded
492,need_ambulance,signer01,D:\College notes\SEM-6\Minor Project\NSL\Data Collection\data\raw\need_ambulance\need_ambulance__signer01__013.npy,80,padded
493,need_ambulance,signer01,D:\College notes\SEM-6\Minor Project\NSL\Data Collection\data\raw\need_ambulance\need_ambulance__signer01__014.npy,82,padded
494,need_ambulance,signer01,D:\College notes\SEM-6\Minor Project\NSL\Data Collection\data\raw\need_ambulance\need_ambulance__signer01__015.npy,88,padded
495,need_ambulance,signer01,D:\College notes\SEM-6\Minor Project\NSL\Data Collection\data\raw\need_ambulance\need_ambulance__signer01__016.npy,80,padded
496,need_ambulance,signer01,D:\College notes\SEM-6\Minor Project\NSL\Data Collection\data\raw\need_ambulance\need_ambulance__signer01__017.npy,78,padded
497,need_ambulance,signer01,D:\College notes\SEM-6\Minor Project\NSL\Data Collection\data\raw\need_ambulance\need_ambulance__signer01__018.npy,84,padded
498,need_ambulance,signer01,D:\College notes\SEM-6\Minor Project\NSL\Data Collection\data\raw\need_ambulance\need_ambulance__signer01__019.npy,83,padded
499,need_ambulance,signer01,D:\College notes\SEM-6\Minor Project\NSL\Data Collection\data\raw\need_ambulance\need_ambulance__signer01__020.npy,88,padded
500,need_ambulance,signer02,D:\College notes\SEM-6\Minor Project\NSL\Data Collection\data\raw\need_ambulance\need_ambulance__signer02__001.npy,90,padded
501,need_ambulance,signer02,D:\College notes\SEM-6\Minor Project\NSL\Data Collection\data\raw\need_ambulance\need_ambulance__signer02__002.npy,108,padded
502,need_ambulance,signer02,D:\College notes\SEM-6\Minor Project\NSL\Data Collection\data\raw\need_ambulance\need_ambulance__signer02__003.npy,111,padded
503,need_ambulance,signer02,D:\College notes\SEM-6\Minor Project\NSL\Data Collection\data\raw\need_ambulance\need_ambulance__signer02__004.npy,109,padded
504,need_ambulance,signer02,D:\College notes\SEM-6\Minor Project\NSL\Data Collection\data\raw\need_ambulance\need_ambulance__signer02__005.npy,96,padded
505,need_ambulance,signer02,D:\College notes\SEM-6\Minor Project\NSL\Data Collection\data\raw\need_ambulance\need_ambulance__signer02__006.npy,97,padded
506,need_ambulance,signer02,D:\College notes\SEM-6\Minor Project\NSL\Data Collection\data\raw\need_ambulance\need_ambulance__signer02__007.npy,104,padded
507,need_ambulance,signer02,D:\College notes\SEM-6\Minor Project\NSL\Data Collection\data\raw\need_ambulance\need_ambulance__signer02__008.npy,102,padded
508,need_ambulance,signer02,D:\College notes\SEM-6\Minor Project\NSL\Data Collection\data\raw\need_ambulance\need_ambulance__signer02__009.npy,92,padded
509,need_ambulance,signer02,D:\College notes\SEM-6\Minor Project\NSL\Data Collection\data\raw\need_ambulance\need_ambulance__signer02__010.npy,93,padded
510,need_ambulance,signer02,D:\College notes\SEM-6\Minor Project\NSL\Data Collection\data\raw\need_ambulance\need_ambulance__signer02__011.npy,98,padded
511,need_ambulance,signer02,D:\College notes\SEM-6\Minor Project\NSL\Data Collection\data\raw\need_ambulance\need_ambulance__signer02__012.npy,111,padded
512,need_ambulance,signer02,D:\College notes\SEM-6\Minor Project\NSL\Data Collection\data\raw\need_ambulance\need_ambulance__signer02__013.npy,107,padded
513,need_ambulance,signer02,D:\College notes\SEM-6\Minor Project\NSL\Data Collection\data\raw\need_ambulance\need_ambulance__signer02__014.npy,92,padded
514,need_ambulance,signer02,D:\College notes\SEM-6\Minor Project\NSL\Data Collection\data\raw\need_ambulance\need_ambulance__signer02__015.npy,111,padded
515,need_ambulance,signer02,D:\College notes\SEM-6\Minor Project\NSL\Data Collection\data\raw\need_ambulance\need_ambulance__signer02__016.npy,88,padded
516,need_ambulance,signer02,D:\College notes\SEM-6\Minor Project\NSL\Data Collection\data\raw\need_ambulance\need_ambulance__signer02__017.npy,99,padded
517,need_ambulance,signer02,D:\College notes\SEM-6\Minor Project\NSL\Data Collection\data\raw\need_ambulance\need_ambulance__signer02__018.npy,96,padded
518,need_ambulance,signer02,D:\College notes\SEM-6\Minor Project\NSL\Data Collection\data\raw\need_ambulance\need_ambulance__signer02__019.npy,101,padded
519,need_ambulance,signer02,D:\College notes\SEM-6\Minor Project\NSL\Data Collection\data\raw\need_ambulance\need_ambulance__signer02__020.npy,99,padded
520,need_ambulance,signer03,D:\College notes\SEM-6\Minor Project\NSL\Data Collection\data\raw\need_ambulance\need_ambulance__signer03__001.npy,121,padded
521,need_ambulance,signer03,D:\College notes\SEM-6\Minor Project\NSL\Data Collection\data\raw\need_ambulance\need_ambulance__signer03__002.npy,155,subsampled
522,need_ambulance,signer03,D:\College notes\SEM-6\Minor Project\NSL\Data Collection\data\raw\need_ambulance\need_ambulance__signer03__003.npy,120,padded
523,need_ambulance,signer03,D:\College notes\SEM-6\Minor Project\NSL\Data Collection\data\raw\need_ambulance\need_ambulance__signer03__004.npy,126,padded
524,need_ambulance,signer03,D:\College notes\SEM-6\Minor Project\NSL\Data Collection\data\raw\need_ambulance\need_ambulance__signer03__005.npy,144,subsampled
525,need_ambulance,signer03,D:\College notes\SEM-6\Minor Project\NSL\Data Collection\data\raw\need_ambulance\need_ambulance__signer03__006.npy,137,exact
526,need_ambulance,signer03,D:\College notes\SEM-6\Minor Project\NSL\Data Collection\data\raw\need_ambulance\need_ambulance__signer03__007.npy,137,exact
527,need_ambulance,signer03,D:\College notes\SEM-6\Minor Project\NSL\Data Collection\data\raw\need_ambulance\need_ambulance__signer03__008.npy,135,padded
528,need_ambulance,signer03,D:\College notes\SEM-6\Minor Project\NSL\Data Collection\data\raw\need_ambulance\need_ambulance__signer03__009.npy,135,padded
529,need_ambulance,signer03,D:\College notes\SEM-6\Minor Project\NSL\Data Collection\data\raw\need_ambulance\need_ambulance__signer03__010.npy,130,padded
530,need_ambulance,signer03,D:\College notes\SEM-6\Minor Project\NSL\Data Collection\data\raw\need_ambulance\need_ambulance__signer03__011.npy,124,padded
531,need_ambulance,signer03,D:\College notes\SEM-6\Minor Project\NSL\Data Collection\data\raw\need_ambulance\need_ambulance__signer03__012.npy,132,padded
532,need_ambulance,signer03,D:\College notes\SEM-6\Minor Project\NSL\Data Collection\data\raw\need_ambulance\need_ambulance__signer03__013.npy,132,padded
533,need_ambulance,signer03,D:\College notes\SEM-6\Minor Project\NSL\Data Collection\data\raw\need_ambulance\need_ambulance__signer03__014.npy,131,padded
534,need_ambulance,signer03,D:\College notes\SEM-6\Minor Project\NSL\Data Collection\data\raw\need_ambulance\need_ambulance__signer03__015.npy,134,padded
535,need_ambulance,signer03,D:\College notes\SEM-6\Minor Project\NSL\Data Collection\data\raw\need_ambulance\need_ambulance__signer03__016.npy,95,padded
536,need_ambulance,signer03,D:\College notes\SEM-6\Minor Project\NSL\Data Collection\data\raw\need_ambulance\need_ambulance__signer03__017.npy,99,padded
537,need_ambulance,signer03,D:\College notes\SEM-6\Minor Project\NSL\Data Collection\data\raw\need_ambulance\need_ambulance__signer03__018.npy,104,padded
538,need_ambulance,signer03,D:\College notes\SEM-6\Minor Project\NSL\Data Collection\data\raw\need_ambulance\need_ambulance__signer03__019.npy,101,padded
539,need_ambulance,signer03,D:\College notes\SEM-6\Minor Project\NSL\Data Collection\data\raw\need_ambulance\need_ambulance__signer03__020.npy,118,padded
540,need_ambulance,signer04,D:\College notes\SEM-6\Minor Project\NSL\Data Collection\data\raw\need_ambulance\need_ambulance__signer04__001.npy,90,padded
541,need_ambulance,signer04,D:\College notes\SEM-6\Minor Project\NSL\Data Collection\data\raw\need_ambulance\need_ambulance__signer04__002.npy,86,padded
542,need_ambulance,signer04,D:\College notes\SEM-6\Minor Project\NSL\Data Collection\data\raw\need_ambulance\need_ambulance__signer04__003.npy,98,padded
543,need_ambulance,signer04,D:\College notes\SEM-6\Minor Project\NSL\Data Collection\data\raw\need_ambulance\need_ambulance__signer04__004.npy,103,padded
544,need_ambulance,signer04,D:\College notes\SEM-6\Minor Project\NSL\Data Collection\data\raw\need_ambulance\need_ambulance__signer04__005.npy,99,padded
545,need_ambulance,signer04,D:\College notes\SEM-6\Minor Project\NSL\Data Collection\data\raw\need_ambulance\need_ambulance__signer04__006.npy,99,padded
546,need_ambulance,signer04,D:\College notes\SEM-6\Minor Project\NSL\Data Collection\data\raw\need_ambulance\need_ambulance__signer04__007.npy,94,padded
547,need_ambulance,signer04,D:\College notes\SEM-6\Minor Project\NSL\Data Collection\data\raw\need_ambulance\need_ambulance__signer04__008.npy,112,padded
548,need_ambulance,signer04,D:\College notes\SEM-6\Minor Project\NSL\Data Collection\data\raw\need_ambulance\need_ambulance__signer04__009.npy,101,padded
549,need_ambulance,signer04,D:\College notes\SEM-6\Minor Project\NSL\Data Collection\data\raw\need_ambulance\need_ambulance__signer04__010.npy,96,padded
550,need_ambulance,signer04,D:\College notes\SEM-6\Minor Project\NSL\Data Collection\data\raw\need_ambulance\need_ambulance__signer04__011.npy,92,padded
551,need_ambulance,signer04,D:\College notes\SEM-6\Minor Project\NSL\Data Collection\data\raw\need_ambulance\need_ambulance__signer04__012.npy,96,padded
552,need_ambulance,signer04,D:\College notes\SEM-6\Minor Project\NSL\Data Collection\data\raw\need_ambulance\need_ambulance__signer04__013.npy,94,padded
553,need_ambulance,signer04,D:\College notes\SEM-6\Minor Project\NSL\Data Collection\data\raw\need_ambulance\need_ambulance__signer04__014.npy,95,padded
554,need_ambulance,signer04,D:\College notes\SEM-6\Minor Project\NSL\Data Collection\data\raw\need_ambulance\need_ambulance__signer04__015.npy,95,padded
555,need_ambulance,signer04,D:\College notes\SEM-6\Minor Project\NSL\Data Collection\data\raw\need_ambulance\need_ambulance__signer04__016.npy,92,padded
556,need_ambulance,signer04,D:\College notes\SEM-6\Minor Project\NSL\Data Collection\data\raw\need_ambulance\need_ambulance__signer04__017.npy,102,padded
557,need_ambulance,signer04,D:\College notes\SEM-6\Minor Project\NSL\Data Collection\data\raw\need_ambulance\need_ambulance__signer04__018.npy,90,padded
558,need_ambulance,signer04,D:\College notes\SEM-6\Minor Project\NSL\Data Collection\data\raw\need_ambulance\need_ambulance__signer04__019.npy,90,padded
559,need_ambulance,signer04,D:\College notes\SEM-6\Minor Project\NSL\Data Collection\data\raw\need_ambulance\need_ambulance__signer04__020.npy,89,padded
560,need_ambulance,signer05,D:\College notes\SEM-6\Minor Project\NSL\Data Collection\data\raw\need_ambulance\need_ambulance__signer05__001.npy,92,padded
561,need_ambulance,signer05,D:\College notes\SEM-6\Minor Project\NSL\Data Collection\data\raw\need_ambulance\need_ambulance__signer05__002.npy,87,padded
562,need_ambulance,signer05,D:\College notes\SEM-6\Minor Project\NSL\Data Collection\data\raw\need_ambulance\need_ambulance__signer05__003.npy,91,padded
563,need_ambulance,signer05,D:\College notes\SEM-6\Minor Project\NSL\Data Collection\data\raw\need_ambulance\need_ambulance__signer05__004.npy,92,padded
564,need_ambulance,signer05,D:\College notes\SEM-6\Minor Project\NSL\Data Collection\data\raw\need_ambulance\need_ambulance__signer05__005.npy,91,padded
565,need_ambulance,signer05,D:\College notes\SEM-6\Minor Project\NSL\Data Collection\data\raw\need_ambulance\need_ambulance__signer05__006.npy,89,padded
566,need_ambulance,signer05,D:\College notes\SEM-6\Minor Project\NSL\Data Collection\data\raw\need_ambulance\need_ambulance__signer05__007.npy,85,padded
567,need_ambulance,signer05,D:\College notes\SEM-6\Minor Project\NSL\Data Collection\data\raw\need_ambulance\need_ambulance__signer05__008.npy,86,padded
568,need_ambulance,signer05,D:\College notes\SEM-6\Minor Project\NSL\Data Collection\data\raw\need_ambulance\need_ambulance__signer05__009.npy,89,padded
569,need_ambulance,signer05,D:\College notes\SEM-6\Minor Project\NSL\Data Collection\data\raw\need_ambulance\need_ambulance__signer05__010.npy,83,padded
570,need_ambulance,signer06,D:\College notes\SEM-6\Minor Project\NSL\Data Collection\data\raw\need_ambulance\need_ambulance__signer06__001.npy,115,padded
571,need_ambulance,signer06,D:\College notes\SEM-6\Minor Project\NSL\Data Collection\data\raw\need_ambulance\need_ambulance__signer06__002.npy,131,padded
572,need_ambulance,signer06,D:\College notes\SEM-6\Minor Project\NSL\Data Collection\data\raw\need_ambulance\need_ambulance__signer06__003.npy,133,padded
573,need_ambulance,signer06,D:\College notes\SEM-6\Minor Project\NSL\Data Collection\data\raw\need_ambulance\need_ambulance__signer06__004.npy,122,padded
574,need_ambulance,signer06,D:\College notes\SEM-6\Minor Project\NSL\Data Collection\data\raw\need_ambulance\need_ambulance__signer06__005.npy,117,padded
575,need_ambulance,signer06,D:\College notes\SEM-6\Minor Project\NSL\Data Collection\data\raw\need_ambulance\need_ambulance__signer06__006.npy,122,padded
576,need_ambulance,signer06,D:\College notes\SEM-6\Minor Project\NSL\Data Collection\data\raw\need_ambulance\need_ambulance__signer06__007.npy,123,padded
577,need_ambulance,signer06,D:\College notes\SEM-6\Minor Project\NSL\Data Collection\data\raw\need_ambulance\need_ambulance__signer06__008.npy,129,padded
578,need_ambulance,signer06,D:\College notes\SEM-6\Minor Project\NSL\Data Collection\data\raw\need_ambulance\need_ambulance__signer06__009.npy,136,padded
579,need_ambulance,signer06,D:\College notes\SEM-6\Minor Project\NSL\Data Collection\data\raw\need_ambulance\need_ambulance__signer06__010.npy,126,padded
580,need_ambulance,signer07,D:\College notes\SEM-6\Minor Project\NSL\Data Collection\data\raw\need_ambulance\need_ambulance__signer07__001.npy,128,padded
581,need_ambulance,signer07,D:\College notes\SEM-6\Minor Project\NSL\Data Collection\data\raw\need_ambulance\need_ambulance__signer07__002.npy,120,padded
582,need_ambulance,signer07,D:\College notes\SEM-6\Minor Project\NSL\Data Collection\data\raw\need_ambulance\need_ambulance__signer07__003.npy,118,padded
583,need_ambulance,signer07,D:\College notes\SEM-6\Minor Project\NSL\Data Collection\data\raw\need_ambulance\need_ambulance__signer07__004.npy,120,padded
584,need_ambulance,signer07,D:\College notes\SEM-6\Minor Project\NSL\Data Collection\data\raw\need_ambulance\need_ambulance__signer07__005.npy,123,padded
585,need_ambulance,signer07,D:\College notes\SEM-6\Minor Project\NSL\Data Collection\data\raw\need_ambulance\need_ambulance__signer07__006.npy,119,padded
586,need_ambulance,signer07,D:\College notes\SEM-6\Minor Project\NSL\Data Collection\data\raw\need_ambulance\need_ambulance__signer07__007.npy,131,padded
587,need_ambulance,signer07,D:\College notes\SEM-6\Minor Project\NSL\Data Collection\data\raw\need_ambulance\need_ambulance__signer07__008.npy,139,subsampled
588,need_ambulance,signer07,D:\College notes\SEM-6\Minor Project\NSL\Data Collection\data\raw\need_ambulance\need_ambulance__signer07__009.npy,136,padded
589,need_ambulance,signer07,D:\College notes\SEM-6\Minor Project\NSL\Data Collection\data\raw\need_ambulance\need_ambulance__signer07__010.npy,127,padded
590,need_ambulance,signer08,D:\College notes\SEM-6\Minor Project\NSL\Data Collection\data\raw\need_ambulance\need_ambulance__signer08__001.npy,91,padded
591,need_ambulance,signer08,D:\College notes\SEM-6\Minor Project\NSL\Data Collection\data\raw\need_ambulance\need_ambulance__signer08__002.npy,89,padded
592,need_ambulance,signer08,D:\College notes\SEM-6\Minor Project\NSL\Data Collection\data\raw\need_ambulance\need_ambulance__signer08__003.npy,106,padded
593,need_ambulance,signer08,D:\College notes\SEM-6\Minor Project\NSL\Data Collection\data\raw\need_ambulance\need_ambulance__signer08__004.npy,78,padded
594,need_ambulance,signer08,D:\College notes\SEM-6\Minor Project\NSL\Data Collection\data\raw\need_ambulance\need_ambulance__signer08__005.npy,122,padded
595,need_ambulance,signer08,D:\College notes\SEM-6\Minor Project\NSL\Data Collection\data\raw\need_ambulance\need_ambulance__signer08__006.npy,95,padded
596,need_ambulance,signer08,D:\College notes\SEM-6\Minor Project\NSL\Data Collection\data\raw\need_ambulance\need_ambulance__signer08__007.npy,92,padded
597,need_ambulance,signer08,D:\College notes\SEM-6\Minor Project\NSL\Data Collection\data\raw\need_ambulance\need_ambulance__signer08__008.npy,100,padded
598,need_ambulance,signer08,D:\College notes\SEM-6\Minor Project\NSL\Data Collection\data\raw\need_ambulance\need_ambulance__signer08__009.npy,96,padded
599,need_ambulance,signer08,D:\College notes\SEM-6\Minor Project\NSL\Data Collection\data\raw\need_ambulance\need_ambulance__signer08__010.npy,92,padded
600,need_toilet,signer01,D:\College notes\SEM-6\Minor Project\NSL\Data Collection\data\raw\need_toilet\need_toilet__signer01__001.npy,77,padded
601,need_toilet,signer01,D:\College notes\SEM-6\Minor Project\NSL\Data Collection\data\raw\need_toilet\need_toilet__signer01__002.npy,75,padded
602,need_toilet,signer01,D:\College notes\SEM-6\Minor Project\NSL\Data Collection\data\raw\need_toilet\need_toilet__signer01__003.npy,83,padded
603,need_toilet,signer01,D:\College notes\SEM-6\Minor Project\NSL\Data Collection\data\raw\need_toilet\need_toilet__signer01__004.npy,85,padded
604,need_toilet,signer01,D:\College notes\SEM-6\Minor Project\NSL\Data Collection\data\raw\need_toilet\need_toilet__signer01__005.npy,127,padded
605,need_toilet,signer01,D:\College notes\SEM-6\Minor Project\NSL\Data Collection\data\raw\need_toilet\need_toilet__signer01__006.npy,112,padded
606,need_toilet,signer01,D:\College notes\SEM-6\Minor Project\NSL\Data Collection\data\raw\need_toilet\need_toilet__signer01__007.npy,114,padded
607,need_toilet,signer01,D:\College notes\SEM-6\Minor Project\NSL\Data Collection\data\raw\need_toilet\need_toilet__signer01__008.npy,121,padded
608,need_toilet,signer01,D:\College notes\SEM-6\Minor Project\NSL\Data Collection\data\raw\need_toilet\need_toilet__signer01__009.npy,121,padded
609,need_toilet,signer01,D:\College notes\SEM-6\Minor Project\NSL\Data Collection\data\raw\need_toilet\need_toilet__signer01__010.npy,111,padded
610,need_toilet,signer01,D:\College notes\SEM-6\Minor Project\NSL\Data Collection\data\raw\need_toilet\need_toilet__signer01__011.npy,113,padded
611,need_toilet,signer01,D:\College notes\SEM-6\Minor Project\NSL\Data Collection\data\raw\need_toilet\need_toilet__signer01__012.npy,116,padded
612,need_toilet,signer01,D:\College notes\SEM-6\Minor Project\NSL\Data Collection\data\raw\need_toilet\need_toilet__signer01__013.npy,109,padded
613,need_toilet,signer01,D:\College notes\SEM-6\Minor Project\NSL\Data Collection\data\raw\need_toilet\need_toilet__signer01__014.npy,110,padded
614,need_toilet,signer01,D:\College notes\SEM-6\Minor Project\NSL\Data Collection\data\raw\need_toilet\need_toilet__signer01__015.npy,112,padded
615,need_toilet,signer01,D:\College notes\SEM-6\Minor Project\NSL\Data Collection\data\raw\need_toilet\need_toilet__signer01__016.npy,111,padded
616,need_toilet,signer01,D:\College notes\SEM-6\Minor Project\NSL\Data Collection\data\raw\need_toilet\need_toilet__signer01__017.npy,115,padded
617,need_toilet,signer01,D:\College notes\SEM-6\Minor Project\NSL\Data Collection\data\raw\need_toilet\need_toilet__signer01__018.npy,113,padded
618,need_toilet,signer01,D:\College notes\SEM-6\Minor Project\NSL\Data Collection\data\raw\need_toilet\need_toilet__signer01__019.npy,117,padded
619,need_toilet,signer01,D:\College notes\SEM-6\Minor Project\NSL\Data Collection\data\raw\need_toilet\need_toilet__signer01__020.npy,111,padded
620,need_toilet,signer02,D:\College notes\SEM-6\Minor Project\NSL\Data Collection\data\raw\need_toilet\need_toilet__signer02__001.npy,104,padded
621,need_toilet,signer02,D:\College notes\SEM-6\Minor Project\NSL\Data Collection\data\raw\need_toilet\need_toilet__signer02__002.npy,108,padded
622,need_toilet,signer02,D:\College notes\SEM-6\Minor Project\NSL\Data Collection\data\raw\need_toilet\need_toilet__signer02__003.npy,82,padded
623,need_toilet,signer02,D:\College notes\SEM-6\Minor Project\NSL\Data Collection\data\raw\need_toilet\need_toilet__signer02__004.npy,88,padded
624,need_toilet,signer02,D:\College notes\SEM-6\Minor Project\NSL\Data Collection\data\raw\need_toilet\need_toilet__signer02__005.npy,96,padded
625,need_toilet,signer02,D:\College notes\SEM-6\Minor Project\NSL\Data Collection\data\raw\need_toilet\need_toilet__signer02__006.npy,95,padded
626,need_toilet,signer02,D:\College notes\SEM-6\Minor Project\NSL\Data Collection\data\raw\need_toilet\need_toilet__signer02__007.npy,101,padded
627,need_toilet,signer02,D:\College notes\SEM-6\Minor Project\NSL\Data Collection\data\raw\need_toilet\need_toilet__signer02__008.npy,105,padded
628,need_toilet,signer02,D:\College notes\SEM-6\Minor Project\NSL\Data Collection\data\raw\need_toilet\need_toilet__signer02__009.npy,104,padded
629,need_toilet,signer02,D:\College notes\SEM-6\Minor Project\NSL\Data Collection\data\raw\need_toilet\need_toilet__signer02__010.npy,94,padded
630,need_toilet,signer02,D:\College notes\SEM-6\Minor Project\NSL\Data Collection\data\raw\need_toilet\need_toilet__signer02__011.npy,101,padded
631,need_toilet,signer02,D:\College notes\SEM-6\Minor Project\NSL\Data Collection\data\raw\need_toilet\need_toilet__signer02__012.npy,91,padded
632,need_toilet,signer02,D:\College notes\SEM-6\Minor Project\NSL\Data Collection\data\raw\need_toilet\need_toilet__signer02__013.npy,88,padded
633,need_toilet,signer02,D:\College notes\SEM-6\Minor Project\NSL\Data Collection\data\raw\need_toilet\need_toilet__signer02__014.npy,96,padded
634,need_toilet,signer02,D:\College notes\SEM-6\Minor Project\NSL\Data Collection\data\raw\need_toilet\need_toilet__signer02__015.npy,92,padded
635,need_toilet,signer02,D:\College notes\SEM-6\Minor Project\NSL\Data Collection\data\raw\need_toilet\need_toilet__signer02__016.npy,89,padded
636,need_toilet,signer02,D:\College notes\SEM-6\Minor Project\NSL\Data Collection\data\raw\need_toilet\need_toilet__signer02__017.npy,88,padded
637,need_toilet,signer02,D:\College notes\SEM-6\Minor Project\NSL\Data Collection\data\raw\need_toilet\need_toilet__signer02__018.npy,93,padded
638,need_toilet,signer02,D:\College notes\SEM-6\Minor Project\NSL\Data Collection\data\raw\need_toilet\need_toilet__signer02__019.npy,91,padded
639,need_toilet,signer02,D:\College notes\SEM-6\Minor Project\NSL\Data Collection\data\raw\need_toilet\need_toilet__signer02__020.npy,102,padded
640,need_toilet,signer03,D:\College notes\SEM-6\Minor Project\NSL\Data Collection\data\raw\need_toilet\need_toilet__signer03__001.npy,98,padded
641,need_toilet,signer03,D:\College notes\SEM-6\Minor Project\NSL\Data Collection\data\raw\need_toilet\need_toilet__signer03__002.npy,108,padded
642,need_toilet,signer03,D:\College notes\SEM-6\Minor Project\NSL\Data Collection\data\raw\need_toilet\need_toilet__signer03__003.npy,98,padded
643,need_toilet,signer03,D:\College notes\SEM-6\Minor Project\NSL\Data Collection\data\raw\need_toilet\need_toilet__signer03__004.npy,102,padded
644,need_toilet,signer03,D:\College notes\SEM-6\Minor Project\NSL\Data Collection\data\raw\need_toilet\need_toilet__signer03__005.npy,95,padded
645,need_toilet,signer03,D:\College notes\SEM-6\Minor Project\NSL\Data Collection\data\raw\need_toilet\need_toilet__signer03__006.npy,93,padded
646,need_toilet,signer03,D:\College notes\SEM-6\Minor Project\NSL\Data Collection\data\raw\need_toilet\need_toilet__signer03__007.npy,97,padded
647,need_toilet,signer03,D:\College notes\SEM-6\Minor Project\NSL\Data Collection\data\raw\need_toilet\need_toilet__signer03__008.npy,101,padded
648,need_toilet,signer03,D:\College notes\SEM-6\Minor Project\NSL\Data Collection\data\raw\need_toilet\need_toilet__signer03__009.npy,96,padded
649,need_toilet,signer03,D:\College notes\SEM-6\Minor Project\NSL\Data Collection\data\raw\need_toilet\need_toilet__signer03__010.npy,97,padded
650,need_toilet,signer03,D:\College notes\SEM-6\Minor Project\NSL\Data Collection\data\raw\need_toilet\need_toilet__signer03__011.npy,92,padded
651,need_toilet,signer03,D:\College notes\SEM-6\Minor Project\NSL\Data Collection\data\raw\need_toilet\need_toilet__signer03__012.npy,95,padded
652,need_toilet,signer03,D:\College notes\SEM-6\Minor Project\NSL\Data Collection\data\raw\need_toilet\need_toilet__signer03__013.npy,89,padded
653,need_toilet,signer03,D:\College notes\SEM-6\Minor Project\NSL\Data Collection\data\raw\need_toilet\need_toilet__signer03__014.npy,91,padded
654,need_toilet,signer03,D:\College notes\SEM-6\Minor Project\NSL\Data Collection\data\raw\need_toilet\need_toilet__signer03__015.npy,88,padded
655,need_toilet,signer03,D:\College notes\SEM-6\Minor Project\NSL\Data Collection\data\raw\need_toilet\need_toilet__signer03__016.npy,97,padded
656,need_toilet,signer03,D:\College notes\SEM-6\Minor Project\NSL\Data Collection\data\raw\need_toilet\need_toilet__signer03__017.npy,103,padded
657,need_toilet,signer03,D:\College notes\SEM-6\Minor Project\NSL\Data Collection\data\raw\need_toilet\need_toilet__signer03__018.npy,106,padded
658,need_toilet,signer03,D:\College notes\SEM-6\Minor Project\NSL\Data Collection\data\raw\need_toilet\need_toilet__signer03__019.npy,96,padded
659,need_toilet,signer03,D:\College notes\SEM-6\Minor Project\NSL\Data Collection\data\raw\need_toilet\need_toilet__signer03__020.npy,103,padded
660,need_toilet,signer04,D:\College notes\SEM-6\Minor Project\NSL\Data Collection\data\raw\need_toilet\need_toilet__signer04__001.npy,77,padded
661,need_toilet,signer04,D:\College notes\SEM-6\Minor Project\NSL\Data Collection\data\raw\need_toilet\need_toilet__signer04__002.npy,87,padded
662,need_toilet,signer04,D:\College notes\SEM-6\Minor Project\NSL\Data Collection\data\raw\need_toilet\need_toilet__signer04__004.npy,84,padded
663,need_toilet,signer04,D:\College notes\SEM-6\Minor Project\NSL\Data Collection\data\raw\need_toilet\need_toilet__signer04__005.npy,91,padded
664,need_toilet,signer04,D:\College notes\SEM-6\Minor Project\NSL\Data Collection\data\raw\need_toilet\need_toilet__signer04__007.npy,93,padded
665,need_toilet,signer04,D:\College notes\SEM-6\Minor Project\NSL\Data Collection\data\raw\need_toilet\need_toilet__signer04__008.npy,84,padded
666,need_toilet,signer04,D:\College notes\SEM-6\Minor Project\NSL\Data Collection\data\raw\need_toilet\need_toilet__signer04__009.npy,87,padded
667,need_toilet,signer04,D:\College notes\SEM-6\Minor Project\NSL\Data Collection\data\raw\need_toilet\need_toilet__signer04__010.npy,87,padded
668,need_toilet,signer04,D:\College notes\SEM-6\Minor Project\NSL\Data Collection\data\raw\need_toilet\need_toilet__signer04__012.npy,91,padded
669,need_toilet,signer04,D:\College notes\SEM-6\Minor Project\NSL\Data Collection\data\raw\need_toilet\need_toilet__signer04__013.npy,86,padded
670,need_toilet,signer04,D:\College notes\SEM-6\Minor Project\NSL\Data Collection\data\raw\need_toilet\need_toilet__signer04__014.npy,87,padded
671,need_toilet,signer04,D:\College notes\SEM-6\Minor Project\NSL\Data Collection\data\raw\need_toilet\need_toilet__signer04__015.npy,85,padded
672,need_toilet,signer04,D:\College notes\SEM-6\Minor Project\NSL\Data Collection\data\raw\need_toilet\need_toilet__signer04__016.npy,88,padded
673,need_toilet,signer04,D:\College notes\SEM-6\Minor Project\NSL\Data Collection\data\raw\need_toilet\need_toilet__signer04__017.npy,88,padded
674,need_toilet,signer04,D:\College notes\SEM-6\Minor Project\NSL\Data Collection\data\raw\need_toilet\need_toilet__signer04__018.npy,86,padded
675,need_toilet,signer04,D:\College notes\SEM-6\Minor Project\NSL\Data Collection\data\raw\need_toilet\need_toilet__signer04__019.npy,85,padded
676,need_toilet,signer04,D:\College notes\SEM-6\Minor Project\NSL\Data Collection\data\raw\need_toilet\need_toilet__signer04__020.npy,86,padded
677,need_toilet,signer04,D:\College notes\SEM-6\Minor Project\NSL\Data Collection\data\raw\need_toilet\need_toilet__signer04__021.npy,99,padded
678,need_toilet,signer04,D:\College notes\SEM-6\Minor Project\NSL\Data Collection\data\raw\need_toilet\need_toilet__signer04__022.npy,92,padded
679,need_toilet,signer04,D:\College notes\SEM-6\Minor Project\NSL\Data Collection\data\raw\need_toilet\need_toilet__signer04__025.npy,94,padded
680,need_toilet,signer05,D:\College notes\SEM-6\Minor Project\NSL\Data Collection\data\raw\need_toilet\need_toilet__signer05__001.npy,76,padded
681,need_toilet,signer05,D:\College notes\SEM-6\Minor Project\NSL\Data Collection\data\raw\need_toilet\need_toilet__signer05__002.npy,81,padded
682,need_toilet,signer05,D:\College notes\SEM-6\Minor Project\NSL\Data Collection\data\raw\need_toilet\need_toilet__signer05__003.npy,80,padded
683,need_toilet,signer05,D:\College notes\SEM-6\Minor Project\NSL\Data Collection\data\raw\need_toilet\need_toilet__signer05__004.npy,82,padded
684,need_toilet,signer05,D:\College notes\SEM-6\Minor Project\NSL\Data Collection\data\raw\need_toilet\need_toilet__signer05__005.npy,86,padded
685,need_toilet,signer05,D:\College notes\SEM-6\Minor Project\NSL\Data Collection\data\raw\need_toilet\need_toilet__signer05__006.npy,83,padded
686,need_toilet,signer05,D:\College notes\SEM-6\Minor Project\NSL\Data Collection\data\raw\need_toilet\need_toilet__signer05__007.npy,79,padded
687,need_toilet,signer05,D:\College notes\SEM-6\Minor Project\NSL\Data Collection\data\raw\need_toilet\need_toilet__signer05__008.npy,79,padded
688,need_toilet,signer05,D:\College notes\SEM-6\Minor Project\NSL\Data Collection\data\raw\need_toilet\need_toilet__signer05__009.npy,83,padded
689,need_toilet,signer05,D:\College notes\SEM-6\Minor Project\NSL\Data Collection\data\raw\need_toilet\need_toilet__signer05__010.npy,81,padded
690,need_toilet,signer06,D:\College notes\SEM-6\Minor Project\NSL\Data Collection\data\raw\need_toilet\need_toilet__signer06__001.npy,123,padded
691,need_toilet,signer06,D:\College notes\SEM-6\Minor Project\NSL\Data Collection\data\raw\need_toilet\need_toilet__signer06__002.npy,131,padded
692,need_toilet,signer06,D:\College notes\SEM-6\Minor Project\NSL\Data Collection\data\raw\need_toilet\need_toilet__signer06__003.npy,139,subsampled
693,need_toilet,signer06,D:\College notes\SEM-6\Minor Project\NSL\Data Collection\data\raw\need_toilet\need_toilet__signer06__004.npy,128,padded
694,need_toilet,signer06,D:\College notes\SEM-6\Minor Project\NSL\Data Collection\data\raw\need_toilet\need_toilet__signer06__005.npy,144,subsampled
695,need_toilet,signer06,D:\College notes\SEM-6\Minor Project\NSL\Data Collection\data\raw\need_toilet\need_toilet__signer06__006.npy,97,padded
696,need_toilet,signer06,D:\College notes\SEM-6\Minor Project\NSL\Data Collection\data\raw\need_toilet\need_toilet__signer06__007.npy,118,padded
697,need_toilet,signer06,D:\College notes\SEM-6\Minor Project\NSL\Data Collection\data\raw\need_toilet\need_toilet__signer06__008.npy,119,padded
698,need_toilet,signer06,D:\College notes\SEM-6\Minor Project\NSL\Data Collection\data\raw\need_toilet\need_toilet__signer06__009.npy,121,padded
699,need_toilet,signer06,D:\College notes\SEM-6\Minor Project\NSL\Data Collection\data\raw\need_toilet\need_toilet__signer06__010.npy,113,padded
700,need_toilet,signer07,D:\College notes\SEM-6\Minor Project\NSL\Data Collection\data\raw\need_toilet\need_toilet__signer07__001.npy,98,padded
701,need_toilet,signer07,D:\College notes\SEM-6\Minor Project\NSL\Data Collection\data\raw\need_toilet\need_toilet__signer07__002.npy,101,padded
702,need_toilet,signer07,D:\College notes\SEM-6\Minor Project\NSL\Data Collection\data\raw\need_toilet\need_toilet__signer07__003.npy,97,padded
703,need_toilet,signer07,D:\College notes\SEM-6\Minor Project\NSL\Data Collection\data\raw\need_toilet\need_toilet__signer07__004.npy,104,padded
704,need_toilet,signer07,D:\College notes\SEM-6\Minor Project\NSL\Data Collection\data\raw\need_toilet\need_toilet__signer07__005.npy,94,padded
705,need_toilet,signer07,D:\College notes\SEM-6\Minor Project\NSL\Data Collection\data\raw\need_toilet\need_toilet__signer07__006.npy,99,padded
706,need_toilet,signer07,D:\College notes\SEM-6\Minor Project\NSL\Data Collection\data\raw\need_toilet\need_toilet__signer07__007.npy,109,padded
707,need_toilet,signer07,D:\College notes\SEM-6\Minor Project\NSL\Data Collection\data\raw\need_toilet\need_toilet__signer07__008.npy,94,padded
708,need_toilet,signer07,D:\College notes\SEM-6\Minor Project\NSL\Data Collection\data\raw\need_toilet\need_toilet__signer07__009.npy,97,padded
709,need_toilet,signer07,D:\College notes\SEM-6\Minor Project\NSL\Data Collection\data\raw\need_toilet\need_toilet__signer07__010.npy,109,padded
710,need_toilet,signer08,D:\College notes\SEM-6\Minor Project\NSL\Data Collection\data\raw\need_toilet\need_toilet__signer08__001.npy,134,padded
711,need_toilet,signer08,D:\College notes\SEM-6\Minor Project\NSL\Data Collection\data\raw\need_toilet\need_toilet__signer08__002.npy,111,padded
712,need_toilet,signer08,D:\College notes\SEM-6\Minor Project\NSL\Data Collection\data\raw\need_toilet\need_toilet__signer08__003.npy,87,padded
713,need_toilet,signer08,D:\College notes\SEM-6\Minor Project\NSL\Data Collection\data\raw\need_toilet\need_toilet__signer08__004.npy,96,padded
714,need_toilet,signer08,D:\College notes\SEM-6\Minor Project\NSL\Data Collection\data\raw\need_toilet\need_toilet__signer08__005.npy,98,padded
715,need_toilet,signer08,D:\College notes\SEM-6\Minor Project\NSL\Data Collection\data\raw\need_toilet\need_toilet__signer08__006.npy,87,padded
716,need_toilet,signer08,D:\College notes\SEM-6\Minor Project\NSL\Data Collection\data\raw\need_toilet\need_toilet__signer08__007.npy,91,padded
717,need_toilet,signer08,D:\College notes\SEM-6\Minor Project\NSL\Data Collection\data\raw\need_toilet\need_toilet__signer08__008.npy,84,padded
718,need_toilet,signer08,D:\College notes\SEM-6\Minor Project\NSL\Data Collection\data\raw\need_toilet\need_toilet__signer08__009.npy,89,padded
719,need_toilet,signer08,D:\College notes\SEM-6\Minor Project\NSL\Data Collection\data\raw\need_toilet\need_toilet__signer08__010.npy,93,padded
720,none,signer01,D:\College notes\SEM-6\Minor Project\NSL\Data Collection\data\raw\none\none__signer01__001.npy,84,padded
721,none,signer01,D:\College notes\SEM-6\Minor Project\NSL\Data Collection\data\raw\none\none__signer01__002.npy,84,padded
722,none,signer01,D:\College notes\SEM-6\Minor Project\NSL\Data Collection\data\raw\none\none__signer01__003.npy,91,padded
723,none,signer01,D:\College notes\SEM-6\Minor Project\NSL\Data Collection\data\raw\none\none__signer01__004.npy,67,padded
724,none,signer01,D:\College notes\SEM-6\Minor Project\NSL\Data Collection\data\raw\none\none__signer01__005.npy,66,padded
725,none,signer01,D:\College notes\SEM-6\Minor Project\NSL\Data Collection\data\raw\none\none__signer01__006.npy,97,padded
726,none,signer01,D:\College notes\SEM-6\Minor Project\NSL\Data Collection\data\raw\none\none__signer01__007.npy,103,padded
727,none,signer01,D:\College notes\SEM-6\Minor Project\NSL\Data Collection\data\raw\none\none__signer01__008.npy,106,padded
728,none,signer01,D:\College notes\SEM-6\Minor Project\NSL\Data Collection\data\raw\none\none__signer01__009.npy,81,padded
729,none,signer01,D:\College notes\SEM-6\Minor Project\NSL\Data Collection\data\raw\none\none__signer01__010.npy,79,padded
730,none,signer01,D:\College notes\SEM-6\Minor Project\NSL\Data Collection\data\raw\none\none__signer01__011.npy,70,padded
731,none,signer01,D:\College notes\SEM-6\Minor Project\NSL\Data Collection\data\raw\none\none__signer01__012.npy,65,padded
732,none,signer01,D:\College notes\SEM-6\Minor Project\NSL\Data Collection\data\raw\none\none__signer01__013.npy,155,subsampled
733,none,signer01,D:\College notes\SEM-6\Minor Project\NSL\Data Collection\data\raw\none\none__signer01__014.npy,102,padded
734,none,signer01,D:\College notes\SEM-6\Minor Project\NSL\Data Collection\data\raw\none\none__signer01__015.npy,152,subsampled
735,none,signer01,D:\College notes\SEM-6\Minor Project\NSL\Data Collection\data\raw\none\none__signer01__016.npy,146,subsampled
736,none,signer01,D:\College notes\SEM-6\Minor Project\NSL\Data Collection\data\raw\none\none__signer01__017.npy,67,padded
737,none,signer01,D:\College notes\SEM-6\Minor Project\NSL\Data Collection\data\raw\none\none__signer01__018.npy,105,padded
738,none,signer01,D:\College notes\SEM-6\Minor Project\NSL\Data Collection\data\raw\none\none__signer01__019.npy,85,padded
739,none,signer01,D:\College notes\SEM-6\Minor Project\NSL\Data Collection\data\raw\none\none__signer01__020.npy,61,padded
740,none,signer02,D:\College notes\SEM-6\Minor Project\NSL\Data Collection\data\raw\none\none__signer02__001.npy,85,padded
741,none,signer02,D:\College notes\SEM-6\Minor Project\NSL\Data Collection\data\raw\none\none__signer02__002.npy,83,padded
742,none,signer02,D:\College notes\SEM-6\Minor Project\NSL\Data Collection\data\raw\none\none__signer02__004.npy,69,padded
743,none,signer02,D:\College notes\SEM-6\Minor Project\NSL\Data Collection\data\raw\none\none__signer02__006.npy,75,padded
744,none,signer02,D:\College notes\SEM-6\Minor Project\NSL\Data Collection\data\raw\none\none__signer02__008.npy,50,padded
745,none,signer02,D:\College notes\SEM-6\Minor Project\NSL\Data Collection\data\raw\none\none__signer02__009.npy,88,padded
746,none,signer02,D:\College notes\SEM-6\Minor Project\NSL\Data Collection\data\raw\none\none__signer02__010.npy,53,padded
747,none,signer02,D:\College notes\SEM-6\Minor Project\NSL\Data Collection\data\raw\none\none__signer02__011.npy,38,padded
748,none,signer02,D:\College notes\SEM-6\Minor Project\NSL\Data Collection\data\raw\none\none__signer02__012.npy,34,padded
749,none,signer02,D:\College notes\SEM-6\Minor Project\NSL\Data Collection\data\raw\none\none__signer02__013.npy,61,padded
750,none,signer02,D:\College notes\SEM-6\Minor Project\NSL\Data Collection\data\raw\none\none__signer02__015.npy,42,padded
751,none,signer02,D:\College notes\SEM-6\Minor Project\NSL\Data Collection\data\raw\none\none__signer02__016.npy,54,padded
752,none,signer02,D:\College notes\SEM-6\Minor Project\NSL\Data Collection\data\raw\none\none__signer02__019.npy,78,padded
753,none,signer02,D:\College notes\SEM-6\Minor Project\NSL\Data Collection\data\raw\none\none__signer02__020.npy,66,padded
754,none,signer02,D:\College notes\SEM-6\Minor Project\NSL\Data Collection\data\raw\none\none__signer02__021.npy,66,padded
755,none,signer02,D:\College notes\SEM-6\Minor Project\NSL\Data Collection\data\raw\none\none__signer02__023.npy,82,padded
756,none,signer02,D:\College notes\SEM-6\Minor Project\NSL\Data Collection\data\raw\none\none__signer02__025.npy,114,padded
757,none,signer02,D:\College notes\SEM-6\Minor Project\NSL\Data Collection\data\raw\none\none__signer02__026.npy,125,padded
758,none,signer02,D:\College notes\SEM-6\Minor Project\NSL\Data Collection\data\raw\none\none__signer02__028.npy,169,subsampled
759,none,signer02,D:\College notes\SEM-6\Minor Project\NSL\Data Collection\data\raw\none\none__signer02__030.npy,110,padded
760,none,signer03,D:\College notes\SEM-6\Minor Project\NSL\Data Collection\data\raw\none\none__signer03__001.npy,92,padded
761,none,signer03,D:\College notes\SEM-6\Minor Project\NSL\Data Collection\data\raw\none\none__signer03__002.npy,85,padded
762,none,signer03,D:\College notes\SEM-6\Minor Project\NSL\Data Collection\data\raw\none\none__signer03__003.npy,118,padded
763,none,signer03,D:\College notes\SEM-6\Minor Project\NSL\Data Collection\data\raw\none\none__signer03__004.npy,82,padded
764,none,signer03,D:\College notes\SEM-6\Minor Project\NSL\Data Collection\data\raw\none\none__signer03__005.npy,66,padded
765,none,signer03,D:\College notes\SEM-6\Minor Project\NSL\Data Collection\data\raw\none\none__signer03__006.npy,63,padded
766,none,signer03,D:\College notes\SEM-6\Minor Project\NSL\Data Collection\data\raw\none\none__signer03__007.npy,47,padded
767,none,signer03,D:\College notes\SEM-6\Minor Project\NSL\Data Collection\data\raw\none\none__signer03__008.npy,84,padded
768,none,signer03,D:\College notes\SEM-6\Minor Project\NSL\Data Collection\data\raw\none\none__signer03__009.npy,74,padded
769,none,signer03,D:\College notes\SEM-6\Minor Project\NSL\Data Collection\data\raw\none\none__signer03__010.npy,55,padded
770,none,signer03,D:\College notes\SEM-6\Minor Project\NSL\Data Collection\data\raw\none\none__signer03__011.npy,78,padded
771,none,signer03,D:\College notes\SEM-6\Minor Project\NSL\Data Collection\data\raw\none\none__signer03__012.npy,52,padded
772,none,signer03,D:\College notes\SEM-6\Minor Project\NSL\Data Collection\data\raw\none\none__signer03__013.npy,40,padded
773,none,signer03,D:\College notes\SEM-6\Minor Project\NSL\Data Collection\data\raw\none\none__signer03__014.npy,66,padded
774,none,signer03,D:\College notes\SEM-6\Minor Project\NSL\Data Collection\data\raw\none\none__signer03__015.npy,77,padded
775,none,signer03,D:\College notes\SEM-6\Minor Project\NSL\Data Collection\data\raw\none\none__signer03__016.npy,66,padded
776,none,signer03,D:\College notes\SEM-6\Minor Project\NSL\Data Collection\data\raw\none\none__signer03__017.npy,65,padded
777,none,signer03,D:\College notes\SEM-6\Minor Project\NSL\Data Collection\data\raw\none\none__signer03__018.npy,55,padded
778,none,signer03,D:\College notes\SEM-6\Minor Project\NSL\Data Collection\data\raw\none\none__signer03__019.npy,71,padded
779,none,signer03,D:\College notes\SEM-6\Minor Project\NSL\Data Collection\data\raw\none\none__signer03__020.npy,47,padded
780,none,signer04,D:\College notes\SEM-6\Minor Project\NSL\Data Collection\data\raw\none\none__signer04__001.npy,49,padded
781,none,signer04,D:\College notes\SEM-6\Minor Project\NSL\Data Collection\data\raw\none\none__signer04__002.npy,35,padded
782,none,signer04,D:\College notes\SEM-6\Minor Project\NSL\Data Collection\data\raw\none\none__signer04__003.npy,43,padded
783,none,signer04,D:\College notes\SEM-6\Minor Project\NSL\Data Collection\data\raw\none\none__signer04__004.npy,56,padded
784,none,signer04,D:\College notes\SEM-6\Minor Project\NSL\Data Collection\data\raw\none\none__signer04__005.npy,60,padded
785,none,signer04,D:\College notes\SEM-6\Minor Project\NSL\Data Collection\data\raw\none\none__signer04__006.npy,91,padded
786,none,signer04,D:\College notes\SEM-6\Minor Project\NSL\Data Collection\data\raw\none\none__signer04__007.npy,88,padded
787,none,signer04,D:\College notes\SEM-6\Minor Project\NSL\Data Collection\data\raw\none\none__signer04__008.npy,54,padded
788,none,signer04,D:\College notes\SEM-6\Minor Project\NSL\Data Collection\data\raw\none\none__signer04__009.npy,52,padded
789,none,signer04,D:\College notes\SEM-6\Minor Project\NSL\Data Collection\data\raw\none\none__signer04__010.npy,68,padded
790,none,signer04,D:\College notes\SEM-6\Minor Project\NSL\Data Collection\data\raw\none\none__signer04__011.npy,71,padded
791,none,signer04,D:\College notes\SEM-6\Minor Project\NSL\Data Collection\data\raw\none\none__signer04__012.npy,65,padded
792,none,signer04,D:\College notes\SEM-6\Minor Project\NSL\Data Collection\data\raw\none\none__signer04__013.npy,60,padded
793,none,signer04,D:\College notes\SEM-6\Minor Project\NSL\Data Collection\data\raw\none\none__signer04__014.npy,63,padded
794,none,signer04,D:\College notes\SEM-6\Minor Project\NSL\Data Collection\data\raw\none\none__signer04__015.npy,65,padded
795,none,signer04,D:\College notes\SEM-6\Minor Project\NSL\Data Collection\data\raw\none\none__signer04__016.npy,61,padded
796,none,signer04,D:\College notes\SEM-6\Minor Project\NSL\Data Collection\data\raw\none\none__signer04__017.npy,68,padded
797,none,signer04,D:\College notes\SEM-6\Minor Project\NSL\Data Collection\data\raw\none\none__signer04__018.npy,74,padded
798,none,signer04,D:\College notes\SEM-6\Minor Project\NSL\Data Collection\data\raw\none\none__signer04__019.npy,61,padded
799,none,signer04,D:\College notes\SEM-6\Minor Project\NSL\Data Collection\data\raw\none\none__signer04__020.npy,44,padded
800,none,signer06,D:\College notes\SEM-6\Minor Project\NSL\Data Collection\data\raw\none\none__signer06__001.npy,75,padded
801,none,signer06,D:\College notes\SEM-6\Minor Project\NSL\Data Collection\data\raw\none\none__signer06__002.npy,77,padded
802,none,signer06,D:\College notes\SEM-6\Minor Project\NSL\Data Collection\data\raw\none\none__signer06__003.npy,85,padded
803,none,signer06,D:\College notes\SEM-6\Minor Project\NSL\Data Collection\data\raw\none\none__signer06__004.npy,63,padded
804,none,signer06,D:\College notes\SEM-6\Minor Project\NSL\Data Collection\data\raw\none\none__signer06__005.npy,80,padded
805,none,signer06,D:\College notes\SEM-6\Minor Project\NSL\Data Collection\data\raw\none\none__signer06__006.npy,57,padded
806,none,signer06,D:\College notes\SEM-6\Minor Project\NSL\Data Collection\data\raw\none\none__signer06__007.npy,79,padded
807,none,signer06,D:\College notes\SEM-6\Minor Project\NSL\Data Collection\data\raw\none\none__signer06__008.npy,91,padded
808,none,signer06,D:\College notes\SEM-6\Minor Project\NSL\Data Collection\data\raw\none\none__signer06__009.npy,87,padded
809,none,signer06,D:\College notes\SEM-6\Minor Project\NSL\Data Collection\data\raw\none\none__signer06__010.npy,95,padded
810,none,signer06,D:\College notes\SEM-6\Minor Project\NSL\Data Collection\data\raw\none\none__signer06__011.npy,86,padded
811,none,signer06,D:\College notes\SEM-6\Minor Project\NSL\Data Collection\data\raw\none\none__signer06__012.npy,86,padded
812,none,signer06,D:\College notes\SEM-6\Minor Project\NSL\Data Collection\data\raw\none\none__signer06__013.npy,88,padded
813,none,signer06,D:\College notes\SEM-6\Minor Project\NSL\Data Collection\data\raw\none\none__signer06__014.npy,101,padded
814,none,signer06,D:\College notes\SEM-6\Minor Project\NSL\Data Collection\data\raw\none\none__signer06__015.npy,87,padded
815,none,signer06,D:\College notes\SEM-6\Minor Project\NSL\Data Collection\data\raw\none\none__signer06__016.npy,99,padded
816,none,signer06,D:\College notes\SEM-6\Minor Project\NSL\Data Collection\data\raw\none\none__signer06__017.npy,77,padded
817,none,signer06,D:\College notes\SEM-6\Minor Project\NSL\Data Collection\data\raw\none\none__signer06__018.npy,95,padded
818,none,signer06,D:\College notes\SEM-6\Minor Project\NSL\Data Collection\data\raw\none\none__signer06__019.npy,87,padded
819,none,signer06,D:\College notes\SEM-6\Minor Project\NSL\Data Collection\data\raw\none\none__signer06__020.npy,91,padded
820,none,signer07,D:\College notes\SEM-6\Minor Project\NSL\Data Collection\data\raw\none\none__signer07__001.npy,105,padded
821,none,signer07,D:\College notes\SEM-6\Minor Project\NSL\Data Collection\data\raw\none\none__signer07__002.npy,71,padded
822,none,signer07,D:\College notes\SEM-6\Minor Project\NSL\Data Collection\data\raw\none\none__signer07__003.npy,117,padded
823,none,signer07,D:\College notes\SEM-6\Minor Project\NSL\Data Collection\data\raw\none\none__signer07__004.npy,88,padded
824,none,signer07,D:\College notes\SEM-6\Minor Project\NSL\Data Collection\data\raw\none\none__signer07__005.npy,74,padded
825,none,signer07,D:\College notes\SEM-6\Minor Project\NSL\Data Collection\data\raw\none\none__signer07__006.npy,83,padded
826,none,signer07,D:\College notes\SEM-6\Minor Project\NSL\Data Collection\data\raw\none\none__signer07__007.npy,96,padded
827,none,signer07,D:\College notes\SEM-6\Minor Project\NSL\Data Collection\data\raw\none\none__signer07__008.npy,79,padded
828,none,signer07,D:\College notes\SEM-6\Minor Project\NSL\Data Collection\data\raw\none\none__signer07__009.npy,94,padded
829,none,signer07,D:\College notes\SEM-6\Minor Project\NSL\Data Collection\data\raw\none\none__signer07__010.npy,109,padded
830,none,signer08,D:\College notes\SEM-6\Minor Project\NSL\Data Collection\data\raw\none\none__signer08__001.npy,107,padded
831,none,signer08,D:\College notes\SEM-6\Minor Project\NSL\Data Collection\data\raw\none\none__signer08__002.npy,46,padded
832,none,signer08,D:\College notes\SEM-6\Minor Project\NSL\Data Collection\data\raw\none\none__signer08__003.npy,139,subsampled
833,none,signer08,D:\College notes\SEM-6\Minor Project\NSL\Data Collection\data\raw\none\none__signer08__004.npy,48,padded
834,none,signer08,D:\College notes\SEM-6\Minor Project\NSL\Data Collection\data\raw\none\none__signer08__005.npy,119,padded
835,none,signer08,D:\College notes\SEM-6\Minor Project\NSL\Data Collection\data\raw\none\none__signer08__006.npy,119,padded
836,none,signer08,D:\College notes\SEM-6\Minor Project\NSL\Data Collection\data\raw\none\none__signer08__007.npy,84,padded
837,none,signer08,D:\College notes\SEM-6\Minor Project\NSL\Data Collection\data\raw\none\none__signer08__008.npy,50,padded
838,none,signer08,D:\College notes\SEM-6\Minor Project\NSL\Data Collection\data\raw\none\none__signer08__009.npy,84,padded
839,none,signer08,D:\College notes\SEM-6\Minor Project\NSL\Data Collection\data\raw\none\none__signer08__010.npy,157,subsampled
